order_id,order_item_id,sku,qty,unit_price,discount_amount,tax_amount
100000,1,SKU_0336,3,3703.98,0.0,2322.34
100000,2,SKU_0433,2,4194.47,483.07,1702.95
100001,1,SKU_0367,2,1792.79,0.0,574.17
100001,2,SKU_0182,3,1269.5,0.0,769.8
100001,3,SKU_0024,1,3462.36,427.0,576.2
100002,1,SKU_0097,1,3920.75,231.67,821.29
100002,2,SKU_0098,3,1185.96,0.0,767.07
100003,1,SKU_0396,2,361.84,0.0,157.64
100004,1,SKU_0272,3,2358.12,330.9,1524.26
100005,1,SKU_0355,3,2403.73,0.0,1321.41
100005,2,SKU_0308,3,4273.38,323.63,2373.26
100006,1,SKU_0141,2,2312.45,336.66,963.31
100006,2,SKU_0071,2,4331.45,0.0,1824.27
100007,1,SKU_0365,3,1543.77,0.0,799.28
100007,2,SKU_0366,2,3907.67,0.0,1710.62
100007,3,SKU_0333,1,2092.53,0.0,423.99
100008,1,SKU_0288,2,1668.07,235.92,668.74
100008,2,SKU_0458,3,74.22,0.0,42.61
100008,3,SKU_0013,2,3280.03,0.0,1154.69
100009,1,SKU_0147,3,1304.74,0.0,674.19
100009,2,SKU_0278,1,2647.06,0.0,541.44
100010,1,SKU_0122,3,1966.65,0.0,1189.29
100010,2,SKU_0025,2,1723.47,0.0,751.26
100010,3,SKU_0028,1,2182.01,67.27,457.78
100010,4,SKU_0467,3,3039.43,0.0,1883.55
100011,1,SKU_0151,2,1624.8,0.0,707.6
100011,2,SKU_0377,3,2427.36,0.0,1408.32
100012,1,SKU_0083,3,5206.55,5.4,3164.25
100012,2,SKU_0080,1,1601.67,0.0,330.62
100013,1,SKU_0252,3,938.61,0.0,539.3
100013,2,SKU_0490,1,412.76,0.0,76.34
100013,3,SKU_0275,2,1658.9,0.0,662.9
100014,1,SKU_0185,2,1951.08,220.52,857.69
100014,2,SKU_0422,3,1217.0,122.45,636.81
100014,3,SKU_0329,3,2238.67,0.0,1349.6
100015,1,SKU_0196,1,2054.44,0.0,331.76
100015,2,SKU_0265,2,1184.32,90.87,385.21
100015,3,SKU_0460,3,1333.1,0.0,680.06
100016,1,SKU_0321,1,2014.99,0.0,426.97
100017,1,SKU_0428,1,3265.96,406.17,649.25
100017,2,SKU_0482,1,2518.91,58.94,511.37
100017,3,SKU_0020,1,1422.88,0.0,275.31
100017,4,SKU_0295,1,3634.92,222.85,719.03
100018,1,SKU_0162,1,3226.3,0.0,640.37
100018,2,SKU_0317,1,3105.01,0.0,563.44
100018,3,SKU_0258,1,2376.3,0.0,420.35
100018,4,SKU_0475,2,2295.25,0.0,865.03
100019,1,SKU_0070,3,1615.27,0.0,1054.49
100019,2,SKU_0074,2,1036.95,0.0,450.96
100020,1,SKU_0284,3,730.9,5.54,421.5
100021,1,SKU_0157,1,550.25,0.0,95.03
100022,1,SKU_0083,1,3757.2,0.0,626.99
100022,2,SKU_0344,3,5079.94,648.9,3027.85
100023,1,SKU_0149,3,498.95,8.25,324.95
100024,1,SKU_0066,3,3454.67,0.0,2217.97
100024,2,SKU_0163,2,1876.81,0.0,756.76
100024,3,SKU_0079,3,4766.23,577.64,2432.47
100025,1,SKU_0127,1,4142.88,0.0,871.69
100025,2,SKU_0069,3,1058.52,139.51,592.95
100025,3,SKU_0397,2,2785.74,0.0,1172.84
100026,1,SKU_0457,3,911.22,0.0,556.7
100026,2,SKU_0457,1,1284.03,122.02,264.71
100027,1,SKU_0465,1,2155.82,176.2,429.51
100027,2,SKU_0077,2,3629.55,0.0,1219.77
100028,1,SKU_0204,2,2702.65,0.0,1110.42
100029,1,SKU_0229,1,2211.73,0.0,451.54
100029,2,SKU_0248,2,2008.76,0.0,657.96
100030,1,SKU_0120,1,1629.92,0.0,298.74
100030,2,SKU_0470,2,4755.36,0.0,1580.62
100030,3,SKU_0496,3,571.77,0.0,334.0
100031,1,SKU_0193,3,413.99,0.0,237.22
100031,2,SKU_0193,1,446.07,0.0,84.4
100032,1,SKU_0455,3,2396.27,317.16,1221.64
100032,2,SKU_0040,3,1322.64,0.0,672.33
100032,3,SKU_0309,3,1571.18,156.15,983.58
100032,4,SKU_0369,1,4551.38,0.0,889.56
100033,1,SKU_0012,1,367.35,0.0,61.75
100033,2,SKU_0263,1,5429.84,0.0,952.91
100033,3,SKU_0093,3,758.69,0.0,484.14
100033,4,SKU_0373,3,3269.28,0.0,1833.6
100034,1,SKU_0445,2,395.94,0.0,164.46
100034,2,SKU_0421,1,2311.72,0.0,470.32
100034,3,SKU_0176,2,432.79,5.4,158.51
100034,4,SKU_0056,1,694.92,89.74,145.65
100035,1,SKU_0091,2,4907.2,0.0,1625.18
100036,1,SKU_0462,3,1873.38,1.34,1075.26
100036,2,SKU_0190,1,3525.0,227.38,730.99
100037,1,SKU_0180,3,405.57,0.0,225.74
100037,2,SKU_0131,2,1690.12,0.0,598.29
100037,3,SKU_0449,3,3999.41,0.0,2335.81
100037,4,SKU_0061,3,1212.66,0.0,671.32
100038,1,SKU_0080,2,2114.92,81.21,820.08
100039,1,SKU_0349,2,622.71,39.18,212.62
100039,2,SKU_0287,3,1543.97,0.0,956.27
100039,3,SKU_0204,3,2185.33,0.0,1343.12
100040,1,SKU_0401,3,3902.38,59.6,2425.31
100040,2,SKU_0411,3,353.55,0.0,179.93
100040,3,SKU_0494,3,1153.43,0.0,651.57
100040,4,SKU_0308,2,2785.91,0.0,918.25
100041,1,SKU_0371,2,1583.78,0.0,642.05
100042,1,SKU_0485,1,813.3,0.0,171.63
100043,1,SKU_0100,1,2531.77,0.0,498.53
100043,2,SKU_0346,1,4345.57,0.0,717.93
100043,3,SKU_0142,2,1149.07,0.0,439.09
100044,1,SKU_0471,1,2155.98,0.0,389.91
100045,1,SKU_0116,3,3339.58,228.35,1948.59
100045,2,SKU_0134,1,1615.73,0.0,307.3
100045,3,SKU_0175,1,3472.28,0.0,700.19
100046,1,SKU_0289,2,1602.17,182.28,643.74
100046,2,SKU_0460,3,1893.55,0.0,931.93
100046,3,SKU_0325,1,3765.55,0.0,695.67
100046,4,SKU_0181,3,2647.9,0.0,1389.32
100047,1,SKU_0205,3,3773.65,0.0,2135.06
100048,1,SKU_0112,3,423.01,0.0,241.04
100048,2,SKU_0103,1,4700.5,0.0,816.72
100048,3,SKU_0428,1,4549.0,0.0,760.56
100049,1,SKU_0347,3,3280.98,0.0,2075.69
100050,1,SKU_0318,2,251.73,0.0,95.38
100050,2,SKU_0392,3,4068.45,0.0,1992.51
100050,3,SKU_0410,2,1449.19,0.0,532.21
100051,1,SKU_0235,1,1642.63,0.0,263.99
100051,2,SKU_0108,2,1346.2,0.0,461.02
100052,1,SKU_0122,2,1684.88,0.0,576.35
100052,2,SKU_0218,1,3229.96,0.0,682.36
100052,3,SKU_0144,2,1463.69,0.0,611.39
100053,1,SKU_0412,1,2111.82,0.0,356.37
100053,2,SKU_0492,3,3698.35,0.0,2055.82
100053,3,SKU_0069,3,951.34,103.1,508.02
100054,1,SKU_0204,1,2970.3,0.0,560.18
100055,1,SKU_0231,3,2140.97,0.0,1160.29
100056,1,SKU_0063,2,455.08,0.0,177.13
100056,2,SKU_0333,3,2130.5,0.0,1158.82
100056,3,SKU_0345,3,785.18,0.0,430.74
100056,4,SKU_0147,2,1606.03,0.0,637.38
100057,1,SKU_0216,3,113.32,0.0,56.01
100057,2,SKU_0176,1,371.43,0.0,72.92
100057,3,SKU_0203,2,1407.85,0.0,576.86
100058,1,SKU_0212,1,439.06,0.0,87.69
100058,2,SKU_0482,3,2464.72,0.0,1359.21
100058,3,SKU_0049,1,5573.04,0.0,900.5
100058,4,SKU_0204,3,3076.08,0.0,1818.76
100059,1,SKU_0336,2,3410.97,0.0,1272.9
100060,1,SKU_0068,3,1402.25,0.0,890.24
100060,2,SKU_0167,2,4286.59,0.0,1653.88
100061,1,SKU_0497,3,2470.19,219.33,1466.28
100061,2,SKU_0326,3,385.71,0.0,248.25
100062,1,SKU_0277,1,3001.61,0.0,554.49
100062,2,SKU_0080,2,1454.11,0.0,525.32
100062,3,SKU_0241,3,451.93,62.59,241.3
100062,4,SKU_0393,2,3660.39,0.0,1412.13
100063,1,SKU_0211,3,2738.1,103.39,1722.58
100063,2,SKU_0113,2,198.38,0.0,70.26
100064,1,SKU_0212,1,624.68,0.0,104.09
100064,2,SKU_0234,3,1062.47,111.93,545.9
100064,3,SKU_0010,1,2541.05,0.0,554.81
100065,1,SKU_0138,1,620.38,0.0,102.62
100065,2,SKU_0008,2,1719.57,108.98,756.19
100065,3,SKU_0238,3,1848.93,0.0,906.14
100066,1,SKU_0037,3,754.19,0.0,472.96
100066,2,SKU_0425,1,1447.99,0.0,265.11
100066,3,SKU_0500,2,1524.69,0.0,572.22
100066,4,SKU_0395,1,4749.69,699.73,870.84
100067,1,SKU_0480,2,2971.55,0.0,1041.22
100067,2,SKU_0327,2,2506.1,0.0,1094.65
100067,3,SKU_0121,3,999.51,0.0,584.96
100068,1,SKU_0405,1,431.53,3.68,86.87
100068,2,SKU_0080,2,2237.82,84.24,740.65
100068,3,SKU_0317,2,3356.89,0.0,1098.28
100068,4,SKU_0331,1,1273.52,0.0,241.04
100069,1,SKU_0286,3,2562.75,309.85,1568.34
100069,2,SKU_0011,3,728.55,0.0,467.55
100069,3,SKU_0249,3,2946.84,130.98,1515.15
100070,1,SKU_0279,2,2618.6,0.0,859.6
100070,2,SKU_0080,2,1748.03,0.0,654.62
100071,1,SKU_0376,1,5228.51,0.0,1080.01
100071,2,SKU_0123,2,5165.16,510.37,1770.54
100071,3,SKU_0350,2,3135.25,0.0,1124.65
100071,4,SKU_0329,2,1458.39,0.0,474.35
100072,1,SKU_0092,1,2717.37,0.0,439.97
100072,2,SKU_0329,2,1986.97,0.0,647.53
100073,1,SKU_0311,3,3023.91,0.0,1808.4
100073,2,SKU_0476,1,2404.43,0.0,465.21
100074,1,SKU_0421,2,2507.15,0.0,961.45
100074,2,SKU_0376,1,5117.49,0.0,1113.75
100074,3,SKU_0050,1,3203.46,0.0,549.67
100074,4,SKU_0337,1,1876.9,266.81,384.33
100075,1,SKU_0346,2,5192.12,0.0,1765.41
100075,2,SKU_0093,3,579.6,0.0,333.91
100075,3,SKU_0308,2,4368.52,0.0,1840.82
100076,1,SKU_0392,3,4432.42,0.0,2576.86
100076,2,SKU_0110,2,3900.64,0.0,1416.72
100076,3,SKU_0232,2,3831.43,0.0,1677.99
100076,4,SKU_0306,1,2215.88,0.0,355.41
100077,1,SKU_0110,2,2560.61,0.0,1101.81
100077,2,SKU_0262,3,3022.68,0.0,1471.42
100078,1,SKU_0080,1,1716.39,0.0,298.62
100078,2,SKU_0416,2,2666.9,0.0,1088.39
100078,3,SKU_0371,2,1490.16,0.0,583.29
100079,1,SKU_0020,3,2132.84,0.0,1377.68
100079,2,SKU_0172,2,5119.48,0.0,2172.58
100079,3,SKU_0117,3,4852.77,0.0,2883.03
100080,1,SKU_0028,2,1958.8,0.0,703.64
100080,2,SKU_0358,1,2453.92,248.28,535.6
100080,3,SKU_0386,3,4640.18,63.61,2469.32
100080,4,SKU_0202,1,3220.8,0.0,621.26
100081,1,SKU_0044,2,2183.23,0.0,898.28
100081,2,SKU_0247,3,540.63,0.0,314.11
100081,3,SKU_0377,3,2630.08,29.19,1415.55
100082,1,SKU_0058,3,3245.5,0.0,1745.21
100083,1,SKU_0395,2,3879.72,204.17,1531.64
100084,1,SKU_0023,1,2451.68,0.0,408.8
100084,2,SKU_0028,1,2390.95,0.0,384.52
100084,3,SKU_0356,1,2729.26,0.0,470.91
100084,4,SKU_0276,1,2817.62,0.0,543.6
100085,1,SKU_0356,3,3310.52,0.0,1741.27
100085,2,SKU_0031,2,3544.89,0.0,1156.95
100086,1,SKU_0035,2,1897.48,0.0,803.99
100087,1,SKU_0150,3,3039.52,0.0,1953.49
100088,1,SKU_0444,3,380.95,11.47,221.3
100088,2,SKU_0365,1,951.68,0.0,171.32
100088,3,SKU_0202,3,3272.97,0.0,1780.39
100088,4,SKU_0155,1,3966.94,0.0,827.95
100089,1,SKU_0450,2,4333.97,0.0,1877.89
100089,2,SKU_0486,2,1819.78,93.95,725.79
100089,3,SKU_0045,3,4331.52,0.0,2404.51
100090,1,SKU_0219,2,4252.56,0.0,1466.33
100090,2,SKU_0071,3,4199.14,0.0,2249.14
100091,1,SKU_0221,1,2417.23,0.0,432.8
100091,2,SKU_0286,3,2790.78,0.0,1761.3
100092,1,SKU_0373,1,3187.05,420.87,693.73
100092,2,SKU_0156,2,3578.96,0.0,1210.53
100093,1,SKU_0055,1,543.2,0.0,106.65
100093,2,SKU_0314,1,2443.04,0.0,443.55
100094,1,SKU_0069,3,1114.68,0.0,571.96
100094,2,SKU_0199,2,3520.65,0.0,1140.22
100094,3,SKU_0392,1,5630.6,0.0,1151.69
100094,4,SKU_0104,1,609.07,84.77,129.14
100095,1,SKU_0353,2,5165.47,687.83,1903.91
100095,2,SKU_0022,3,3595.23,0.0,1980.78
100095,3,SKU_0481,3,913.86,0.0,524.3
100095,4,SKU_0232,2,3615.8,0.0,1382.12
100096,1,SKU_0377,1,3127.67,0.0,536.05
100096,2,SKU_0226,2,1085.21,0.0,407.35
100096,3,SKU_0217,2,576.18,0.0,216.43
100096,4,SKU_0331,2,903.29,0.0,373.46
100097,1,SKU_0202,2,3622.87,14.51,1415.95
100097,2,SKU_0365,1,1508.76,0.0,304.02
100098,1,SKU_0368,3,2881.82,50.24,1712.18
100098,2,SKU_0044,3,2419.08,0.0,1326.05
100099,1,SKU_0023,1,3543.76,0.0,601.47
100099,2,SKU_0075,1,806.82,0.0,144.07
100099,3,SKU_0394,2,253.62,0.0,110.39
100099,4,SKU_0002,3,1250.4,3.28,792.72
100100,1,SKU_0312,2,3435.87,303.9,1286.56
100101,1,SKU_0041,3,3417.57,0.0,2021.69
100101,2,SKU_0286,1,1721.71,0.0,279.27
100101,3,SKU_0438,1,3953.03,0.0,711.02
100101,4,SKU_0045,1,3667.24,0.0,734.64
100102,1,SKU_0495,2,856.25,0.0,283.57
100102,2,SKU_0154,2,2281.73,0.0,937.82
100103,1,SKU_0150,2,2610.81,0.0,938.6
100104,1,SKU_0269,1,3698.92,0.0,718.63
100104,2,SKU_0323,3,5198.13,0.0,2894.68
100104,3,SKU_0435,2,915.35,0.0,394.75
100104,4,SKU_0315,3,3628.02,397.1,2063.08
100105,1,SKU_0453,3,1144.68,0.0,549.77
100105,2,SKU_0013,2,4299.14,0.0,1788.22
100106,1,SKU_0212,1,480.62,0.0,77.22
100106,2,SKU_0104,3,698.59,0.0,373.08
100106,3,SKU_0282,2,3144.82,0.0,1135.16
100106,4,SKU_0371,3,1369.94,0.0,705.41
100107,1,SKU_0473,3,412.75,0.0,246.09
100107,2,SKU_0247,1,685.79,0.0,128.76
100107,3,SKU_0417,2,1757.18,0.0,681.42
100108,1,SKU_0285,3,2264.4,0.0,1412.8
100108,2,SKU_0455,2,2497.83,0.0,900.96
100108,3,SKU_0193,3,450.24,12.04,231.3
100109,1,SKU_0443,2,997.85,0.0,351.82
100110,1,SKU_0255,1,369.12,0.0,63.85
100111,1,SKU_0090,1,735.67,0.0,158.02
100111,2,SKU_0228,3,3140.26,0.0,1614.84
100111,3,SKU_0473,2,468.39,0.0,157.94
100112,1,SKU_0421,3,2372.86,0.0,1335.18
100113,1,SKU_0003,2,3964.58,0.0,1427.23
100114,1,SKU_0053,3,513.36,0.0,299.78
100115,1,SKU_0328,1,3670.84,0.0,704.57
100115,2,SKU_0396,2,403.48,0.0,142.36
100115,3,SKU_0008,3,2083.69,0.0,1206.22
100116,1,SKU_0073,3,4422.25,0.0,2179.39
100116,2,SKU_0314,2,2374.77,0.0,894.07
100116,3,SKU_0346,1,3718.8,30.96,682.46
100117,1,SKU_0316,2,3996.51,0.0,1745.84
100117,2,SKU_0387,2,3411.05,48.45,1131.35
100117,3,SKU_0159,3,174.71,20.32,91.15
100117,4,SKU_0115,1,4204.61,0.0,771.65
100118,1,SKU_0404,2,627.75,3.82,209.38
100118,2,SKU_0246,2,1736.22,0.0,681.52
100118,3,SKU_0066,3,2526.01,0.0,1360.65
100119,1,SKU_0406,2,2192.66,132.43,764.42
100120,1,SKU_0281,1,5932.21,0.0,1023.27
100120,2,SKU_0356,3,2930.99,0.0,1694.16
100121,1,SKU_0089,3,3044.06,337.86,1523.79
100121,2,SKU_0306,2,1993.75,30.11,680.15
100122,1,SKU_0036,3,1880.57,229.82,1013.5
100122,2,SKU_0331,3,885.74,0.0,566.61
100122,3,SKU_0463,3,2791.36,0.0,1567.45
100122,4,SKU_0150,2,3429.21,0.0,1377.79
100123,1,SKU_0154,3,2831.05,288.9,1724.68
100123,2,SKU_0469,2,5775.76,505.27,2435.73
100123,3,SKU_0437,2,3096.36,0.0,991.15
100124,1,SKU_0057,2,5464.37,193.58,2158.57
100124,2,SKU_0365,2,1193.79,0.0,476.92
100124,3,SKU_0244,1,2385.6,0.0,501.92
100125,1,SKU_0148,3,1557.49,0.0,787.96
100125,2,SKU_0454,2,1809.55,0.0,597.44
100126,1,SKU_0441,2,221.7,23.43,87.52
100126,2,SKU_0233,3,3625.47,446.15,1972.09
100126,3,SKU_0096,2,1619.73,0.0,656.73
100126,4,SKU_0138,2,682.37,0.0,298.46
100127,1,SKU_0361,2,375.39,0.0,126.53
100127,2,SKU_0375,3,207.22,0.0,116.81
100127,3,SKU_0041,3,3912.78,52.82,2322.31
100127,4,SKU_0340,3,2304.01,0.0,1360.17
100128,1,SKU_0274,1,2799.07,215.73,544.25
100128,2,SKU_0170,2,4165.54,0.0,1477.54
100128,3,SKU_0019,3,5722.2,0.0,2809.92
100129,1,SKU_0297,1,2188.56,0.0,456.39
100129,2,SKU_0320,1,4168.67,0.0,879.95
100129,3,SKU_0143,2,44.73,0.0,14.39
100129,4,SKU_0058,3,2817.85,0.0,1686.9
100130,1,SKU_0414,1,3738.96,393.32,638.8
100130,2,SKU_0271,1,1877.43,0.0,367.47
100130,3,SKU_0421,1,2556.7,288.93,527.25
100131,1,SKU_0339,2,947.58,0.0,309.4
100131,2,SKU_0136,1,3412.86,238.08,607.77
100132,1,SKU_0195,3,1408.41,0.0,810.51
100132,2,SKU_0223,1,1208.07,144.68,242.47
100133,1,SKU_0050,3,3071.19,440.54,1811.66
100134,1,SKU_0172,2,3743.6,56.09,1405.1
100134,2,SKU_0346,3,4054.32,0.0,2325.52
100134,3,SKU_0347,3,4148.7,0.0,2493.8
100135,1,SKU_0007,2,2691.59,42.85,974.85
100136,1,SKU_0129,1,1393.59,0.0,301.45
100136,2,SKU_0337,1,2239.38,0.0,369.91
100136,3,SKU_0310,1,4150.89,0.0,887.29
100137,1,SKU_0130,2,1074.48,150.95,462.8
100137,2,SKU_0142,2,1371.33,0.0,481.17
100138,1,SKU_0142,1,1168.52,0.0,205.07
100139,1,SKU_0092,2,2492.32,0.0,980.07
100139,2,SKU_0092,3,3209.21,70.11,1666.57
100139,3,SKU_0330,1,5051.09,0.0,818.74
100140,1,SKU_0293,3,1928.54,129.54,977.37
100141,1,SKU_0478,1,1258.92,0.0,269.76
100142,1,SKU_0264,3,1591.14,117.62,879.43
100143,1,SKU_0277,1,1910.54,273.49,319.58
100144,1,SKU_0171,3,1841.07,0.0,1004.79
100144,2,SKU_0437,2,3134.57,0.0,1246.73
100144,3,SKU_0091,3,3068.76,0.0,1638.09
100145,1,SKU_0459,1,3907.29,0.0,832.69
100145,2,SKU_0225,3,1363.09,0.0,830.88
100145,3,SKU_0304,1,2426.64,0.0,461.02
100145,4,SKU_0495,2,942.8,0.0,308.04
100146,1,SKU_0208,1,471.49,46.59,102.03
100147,1,SKU_0380,3,4066.0,0.0,2309.49
100147,2,SKU_0010,2,4044.24,0.0,1634.5
100148,1,SKU_0008,1,2161.35,0.0,404.97
100148,2,SKU_0088,3,2746.74,0.0,1564.23
100149,1,SKU_0033,1,3412.92,415.64,612.46
100149,2,SKU_0500,3,1829.04,0.0,1129.54
100150,1,SKU_0172,1,3414.97,73.21,580.83
100150,2,SKU_0190,3,2629.93,0.0,1325.5
100151,1,SKU_0399,1,1006.87,0.0,161.54
100151,2,SKU_0475,1,2714.42,0.0,502.1
100151,3,SKU_0414,2,4709.24,0.0,1802.56
100151,4,SKU_0211,1,3484.78,0.0,682.24
100152,1,SKU_0314,1,2480.77,0.0,459.26
100152,2,SKU_0286,1,1891.62,0.0,372.9
100152,3,SKU_0442,3,4398.42,0.0,2330.09
100152,4,SKU_0100,1,2546.43,262.05,483.44
100153,1,SKU_0344,1,3279.55,0.0,610.26
100153,2,SKU_0172,3,4951.87,0.0,2469.97
100154,1,SKU_0474,3,903.6,106.68,517.48
100155,1,SKU_0459,1,4081.98,0.0,755.75
100156,1,SKU_0118,1,2374.01,35.82,503.75
100156,2,SKU_0193,1,342.99,0.0,73.2
100156,3,SKU_0075,1,865.86,59.64,157.94
100157,1,SKU_0369,1,4915.45,0.0,885.54
100157,2,SKU_0017,3,2862.33,0.0,1812.71
100157,3,SKU_0235,2,1230.03,0.0,482.71
100157,4,SKU_0405,3,720.6,0.0,357.1
100158,1,SKU_0442,1,4592.2,0.0,738.75
100158,2,SKU_0220,3,3521.13,131.65,2057.41
100158,3,SKU_0457,3,1339.21,0.0,743.53
100158,4,SKU_0023,1,3664.87,0.0,679.99
100159,1,SKU_0246,3,1717.3,0.0,849.99
100159,2,SKU_0386,1,4917.16,0.0,825.9
100159,3,SKU_0152,1,1505.24,21.39,301.26
100159,4,SKU_0083,3,4310.06,0.0,2826.35
100160,1,SKU_0396,1,443.04,0.0,87.55
100160,2,SKU_0361,3,347.65,33.09,222.78
100160,3,SKU_0171,3,1549.03,0.0,938.17
100160,4,SKU_0314,3,2417.18,0.0,1430.2
100161,1,SKU_0377,1,3059.03,0.0,652.43
100161,2,SKU_0057,2,4258.25,0.0,1549.88
100161,3,SKU_0332,3,5248.78,0.0,2650.18
100162,1,SKU_0123,3,3685.88,0.0,2268.92
100162,2,SKU_0390,1,2361.43,318.16,417.1
100162,3,SKU_0033,2,3261.57,0.0,1227.72
100163,1,SKU_0232,3,2870.78,0.0,1475.3
100163,2,SKU_0453,2,1042.74,0.0,369.76
100163,3,SKU_0490,1,324.38,0.0,61.56
100164,1,SKU_0267,3,2462.95,0.0,1392.31
100164,2,SKU_0216,2,120.39,0.0,39.43
100165,1,SKU_0428,3,4159.13,0.0,2487.31
100165,2,SKU_0403,2,120.83,12.4,45.31
100166,1,SKU_0460,2,1315.71,52.05,479.75
100166,2,SKU_0148,1,1580.76,0.0,311.6
100167,1,SKU_0365,3,1113.95,0.0,567.03
100167,2,SKU_0060,1,776.74,67.36,136.41
100168,1,SKU_0106,3,93.47,0.0,47.35
100168,2,SKU_0230,3,562.72,0.0,363.34
100169,1,SKU_0477,2,3958.12,0.0,1340.72
100169,2,SKU_0497,3,2478.92,0.0,1401.34
100169,3,SKU_0149,3,702.81,84.49,380.19
100169,4,SKU_0058,3,3362.53,0.0,1800.48
100170,1,SKU_0317,1,2658.57,0.0,522.38
100170,2,SKU_0100,3,2233.23,0.0,1150.62
100170,3,SKU_0043,3,677.29,0.0,444.07
100170,4,SKU_0202,1,3973.93,0.0,852.44
100171,1,SKU_0204,1,3006.41,193.42,548.28
100171,2,SKU_0146,2,3163.63,0.0,1094.25
100171,3,SKU_0455,2,3648.29,228.02,1293.82
100172,1,SKU_0374,2,451.33,0.0,152.21
100172,2,SKU_0156,2,3983.92,0.0,1306.46
100172,3,SKU_0492,3,5146.05,69.19,3061.82
100172,4,SKU_0140,2,2402.29,0.0,826.17
100173,1,SKU_0149,3,642.87,0.0,405.15
100173,2,SKU_0156,2,3268.16,0.0,1356.11
100173,3,SKU_0079,2,4119.96,396.22,1379.78
100173,4,SKU_0341,2,4150.84,0.0,1342.44
100174,1,SKU_0253,1,4705.65,255.99,912.59
100174,2,SKU_0445,2,511.26,0.0,186.5
100174,3,SKU_0376,3,3246.55,0.0,1643.74
100175,1,SKU_0450,3,2905.51,0.0,1583.53
100175,2,SKU_0326,2,304.52,0.0,116.22
100175,3,SKU_0393,3,2636.67,0.0,1523.65
100175,4,SKU_0447,2,923.22,0.0,325.5
100176,1,SKU_0050,3,2984.7,0.0,1506.23
100176,2,SKU_0145,2,3414.87,0.0,1134.73
100176,3,SKU_0080,3,1671.17,0.0,927.7
100177,1,SKU_0060,1,753.91,0.0,151.89
100178,1,SKU_0419,2,4890.08,0.0,1665.88
100178,2,SKU_0156,1,3577.05,0.0,756.22
100179,1,SKU_0353,1,3890.84,0.0,721.71
100179,2,SKU_0391,1,258.4,30.25,42.0
100180,1,SKU_0017,3,2782.09,0.0,1790.37
100181,1,SKU_0034,2,3874.37,0.0,1667.57
100182,1,SKU_0301,1,920.97,0.0,155.4
100182,2,SKU_0383,2,2495.22,0.0,1054.52
100183,1,SKU_0259,3,2855.68,0.0,1642.56
100183,2,SKU_0367,1,2799.57,0.0,611.47
100184,1,SKU_0474,1,1330.54,170.05,242.14
100185,1,SKU_0226,3,1120.06,0.0,735.47
100185,2,SKU_0218,1,3398.92,0.0,569.04
100186,1,SKU_0267,1,3282.03,0.0,634.84
100187,1,SKU_0043,2,570.18,33.52,223.54
100188,1,SKU_0352,2,1145.17,70.55,392.4
100188,2,SKU_0036,2,2915.55,0.0,1282.4
100188,3,SKU_0252,3,724.44,0.0,363.28
100189,1,SKU_0206,3,3034.77,0.0,1492.04
100189,2,SKU_0500,1,1609.36,144.03,269.35
100189,3,SKU_0430,2,1787.03,0.0,734.03
100189,4,SKU_0411,3,411.34,22.62,270.56
100190,1,SKU_0076,2,1764.41,67.1,613.48
100190,2,SKU_0483,1,2445.98,0.0,464.46
100190,3,SKU_0014,1,3605.62,0.0,642.4
100191,1,SKU_0390,1,2828.95,221.12,587.19
100192,1,SKU_0151,3,1954.9,0.0,1223.19
100192,2,SKU_0277,3,1930.09,221.41,1232.21
100193,1,SKU_0197,2,1223.66,69.7,396.85
100194,1,SKU_0286,3,2685.93,0.0,1526.86
100194,2,SKU_0069,2,1049.96,0.0,407.66
100195,1,SKU_0338,3,2793.64,240.21,1623.68
100195,2,SKU_0081,3,3151.69,125.26,1862.8
100195,3,SKU_0181,2,2353.56,0.0,789.35
100195,4,SKU_0188,2,2725.2,0.0,996.52
100196,1,SKU_0177,2,1263.81,0.0,441.97
100196,2,SKU_0332,2,4968.64,0.0,2108.06
100196,3,SKU_0059,2,1741.36,0.0,653.55
100196,4,SKU_0443,2,932.82,0.0,300.79
100197,1,SKU_0302,1,5651.82,320.86,1013.63
100197,2,SKU_0051,2,452.83,0.0,171.9
100197,3,SKU_0416,3,3109.57,0.0,2035.2
100197,4,SKU_0104,2,845.57,0.0,355.85
100198,1,SKU_0148,2,1477.84,220.84,615.6
100198,2,SKU_0320,3,5827.24,0.0,3417.88
100199,1,SKU_0035,3,2027.16,0.0,1099.77
100199,2,SKU_0040,3,1439.32,0.0,803.03
100199,3,SKU_0277,2,2178.43,132.06,872.65
100200,1,SKU_0452,1,2488.19,0.0,484.23
100200,2,SKU_0110,3,4254.39,473.9,2247.29
100201,1,SKU_0479,3,1091.49,0.0,595.48
100201,2,SKU_0076,1,1814.06,0.0,382.13
100201,3,SKU_0211,2,3368.67,0.0,1419.95
100201,4,SKU_0137,2,955.41,0.0,352.26
100202,1,SKU_0077,1,2890.89,0.0,543.05
100203,1,SKU_0217,3,659.9,0.0,332.96
100203,2,SKU_0133,2,1724.03,0.0,751.08
100203,3,SKU_0249,1,2333.94,0.0,457.68
100203,4,SKU_0444,1,453.73,0.0,90.88
100204,1,SKU_0204,3,3186.56,0.0,1828.93
100205,1,SKU_0255,1,341.3,0.0,61.35
100205,2,SKU_0300,3,105.33,0.0,68.29
100205,3,SKU_0112,1,381.89,0.0,71.17
100206,1,SKU_0442,3,3357.08,0.0,1802.65
100206,2,SKU_0217,2,596.1,0.0,216.72
100206,3,SKU_0367,2,2630.36,0.0,1107.32
100207,1,SKU_0354,3,3420.81,0.0,2035.42
100208,1,SKU_0463,3,1922.58,250.15,1057.27
100208,2,SKU_0466,2,5024.44,0.0,1662.24
100208,3,SKU_0422,1,1466.33,0.0,315.19
100209,1,SKU_0451,3,1261.61,0.0,792.51
100209,2,SKU_0482,2,2195.32,0.0,891.49
100209,3,SKU_0449,1,4918.75,0.0,890.84
100210,1,SKU_0233,3,2836.87,0.0,1683.48
100210,2,SKU_0406,3,1742.67,0.0,934.89
100210,3,SKU_0043,1,469.04,0.0,98.88
100211,1,SKU_0406,2,2100.48,0.0,737.86
100211,2,SKU_0352,3,1568.4,0.0,776.66
100211,3,SKU_0189,1,2200.55,0.0,354.83
100211,4,SKU_0012,3,521.08,0.0,341.49
100212,1,SKU_0135,3,3843.44,29.65,2260.21
100212,2,SKU_0077,1,4774.67,0.0,767.99
100213,1,SKU_0396,2,433.89,0.0,176.0
100213,2,SKU_0098,2,1151.86,0.0,428.21
100213,3,SKU_0106,3,71.67,0.0,39.8
100213,4,SKU_0210,1,3364.96,0.0,663.1
100214,1,SKU_0190,3,3502.53,0.0,1976.82
100214,2,SKU_0447,2,984.4,0.0,399.27
100215,1,SKU_0377,3,2646.03,0.0,1294.91
100215,2,SKU_0477,1,3414.95,0.0,547.49
100215,3,SKU_0259,3,3463.64,0.0,1744.99
100215,4,SKU_0457,3,822.57,0.0,469.42
100216,1,SKU_0450,2,2898.74,138.66,976.92
100216,2,SKU_0060,2,468.61,0.0,192.01
100216,3,SKU_0475,2,2168.36,0.0,828.39
100217,1,SKU_0458,1,75.53,0.0,14.6
100217,2,SKU_0473,3,447.35,0.0,226.7
100217,3,SKU_0118,1,1974.79,77.82,367.68
100217,4,SKU_0459,2,2772.36,148.9,1039.44
100218,1,SKU_0434,3,2029.59,0.0,1048.63
100219,1,SKU_0093,1,691.68,0.0,134.89
100219,2,SKU_0498,1,1229.12,105.66,264.54
100219,3,SKU_0127,2,4073.66,0.0,1442.54
100220,1,SKU_0202,2,4183.87,0.0,1416.04
100221,1,SKU_0236,3,2463.87,0.0,1446.19
100222,1,SKU_0169,1,5078.82,0.0,1101.32
100223,1,SKU_0109,1,902.06,0.0,184.59
100223,2,SKU_0281,3,4451.59,0.0,2329.14
100224,1,SKU_0046,1,5143.81,126.56,910.95
100224,2,SKU_0386,3,3650.9,164.2,2236.03
100224,3,SKU_0472,2,2541.71,0.0,1016.33
100224,4,SKU_0427,2,2092.24,154.17,789.14
100225,1,SKU_0047,2,4661.06,429.58,1844.3
100225,2,SKU_0048,1,771.6,0.0,153.44
100225,3,SKU_0366,1,4364.72,0.0,774.49
100225,4,SKU_0224,1,4343.16,0.0,951.37
100226,1,SKU_0431,1,1731.08,0.0,334.2
100226,2,SKU_0470,1,3988.06,305.97,660.7
100226,3,SKU_0339,3,877.37,0.0,513.61
100227,1,SKU_0059,3,2286.91,0.0,1444.7
100228,1,SKU_0043,2,685.51,31.31,281.66
100229,1,SKU_0320,2,4303.4,0.0,1486.09
100229,2,SKU_0041,3,4070.44,0.0,2271.65
100229,3,SKU_0010,1,3146.33,7.27,590.28
100229,4,SKU_0208,3,692.1,62.88,369.93
100230,1,SKU_0354,3,4930.16,0.0,2444.25
100230,2,SKU_0070,1,1434.72,0.0,303.5
100230,3,SKU_0108,2,1392.15,136.03,586.17
100231,1,SKU_0045,2,5273.34,118.05,1701.27
100231,2,SKU_0086,1,1058.69,71.26,199.34
100232,1,SKU_0300,1,94.23,8.48,15.36
100232,2,SKU_0005,1,521.6,56.08,110.01
100232,3,SKU_0378,3,3256.95,0.0,1585.04
100232,4,SKU_0205,2,3360.19,365.5,1168.77
100233,1,SKU_0271,1,1962.7,0.0,345.57
100234,1,SKU_0456,2,2016.26,0.0,753.68
100234,2,SKU_0224,1,2939.1,320.43,530.89
100234,3,SKU_0119,3,634.16,0.0,409.61
100234,4,SKU_0437,3,4355.2,0.0,2657.28
100235,1,SKU_0492,2,5329.75,0.0,2214.6
100235,2,SKU_0410,1,1559.92,0.0,312.02
100235,3,SKU_0067,1,563.77,0.0,117.04
100235,4,SKU_0483,2,2914.62,0.0,1282.17
100236,1,SKU_0452,2,2155.92,0.0,898.63
100236,2,SKU_0173,2,1724.3,0.0,652.41
100236,3,SKU_0175,2,3419.37,0.0,1461.98
100237,1,SKU_0362,1,4362.47,287.06,949.97
100238,1,SKU_0500,1,2019.44,0.0,422.9
100239,1,SKU_0260,1,3562.76,0.0,764.78
100240,1,SKU_0373,2,3102.76,354.87,1265.64
100240,2,SKU_0051,1,617.97,0.0,103.44
100241,1,SKU_0225,2,1860.28,2.83,671.48
100241,2,SKU_0259,1,2888.54,162.0,524.67
100242,1,SKU_0078,3,273.63,10.14,151.7
100242,2,SKU_0210,2,5538.91,0.0,2399.73
100243,1,SKU_0075,1,787.65,0.0,130.03
100243,2,SKU_0162,2,4294.42,0.0,1576.88
100243,3,SKU_0019,3,5721.35,0.0,3753.16
100243,4,SKU_0366,3,4262.0,621.85,2354.16
100244,1,SKU_0370,3,425.85,0.0,273.41
100244,2,SKU_0313,1,4550.33,0.0,970.38
100244,3,SKU_0320,3,5071.25,530.86,3142.0
100245,1,SKU_0044,1,2224.11,0.0,425.31
100245,2,SKU_0277,2,2197.03,0.0,840.5
100245,3,SKU_0388,3,1756.0,0.0,919.16
100246,1,SKU_0372,2,2237.17,0.0,941.83
100246,2,SKU_0133,3,1597.44,0.0,895.8
100246,3,SKU_0294,3,1838.21,0.0,1148.83
100247,1,SKU_0180,2,309.9,0.0,125.73
100247,2,SKU_0267,3,2852.37,0.0,1791.61
100248,1,SKU_0233,1,3073.79,196.85,506.92
100248,2,SKU_0032,2,866.44,62.42,285.38
100248,3,SKU_0347,3,3125.12,262.47,1990.58
100249,1,SKU_0326,2,503.75,52.37,205.43
100249,2,SKU_0214,1,1365.71,26.92,229.12
100249,3,SKU_0361,3,561.47,0.0,315.53
100249,4,SKU_0017,3,2263.56,0.0,1331.63
100250,1,SKU_0057,1,4267.89,0.0,713.01
100250,2,SKU_0157,2,436.26,0.0,147.04
100250,3,SKU_0302,2,3431.82,0.0,1186.96
100250,4,SKU_0420,3,3416.98,0.0,1681.71
100251,1,SKU_0214,2,1744.84,0.0,721.95
100252,1,SKU_0428,3,4543.6,0.0,2593.75
100252,2,SKU_0236,2,2473.06,0.0,817.88
100252,3,SKU_0320,3,5000.95,291.09,2705.61
100252,4,SKU_0024,3,4189.84,0.0,2664.2
100253,1,SKU_0293,3,2565.97,0.0,1529.07
100254,1,SKU_0099,3,2245.98,0.0,1381.5
100255,1,SKU_0062,3,1388.94,0.0,735.43
100256,1,SKU_0126,3,193.32,0.0,120.87
100256,2,SKU_0311,2,3704.24,0.0,1336.47
100257,1,SKU_0213,1,4509.49,0.0,746.15
100257,2,SKU_0051,3,473.39,0.0,292.69
100258,1,SKU_0158,2,1207.64,0.0,412.74
100258,2,SKU_0366,1,3179.95,0.0,587.56
100259,1,SKU_0133,2,1960.95,0.0,675.17
100259,2,SKU_0386,3,4665.49,345.51,3036.69
100259,3,SKU_0138,1,503.98,0.0,95.28
100260,1,SKU_0325,1,4194.92,0.0,733.18
100260,2,SKU_0285,3,3487.8,160.06,1954.13
100260,3,SKU_0434,3,1701.5,0.0,931.05
100260,4,SKU_0087,1,2825.84,180.19,459.22
100261,1,SKU_0493,3,1922.52,0.0,943.63
100261,2,SKU_0472,2,1846.16,70.23,812.14
100261,3,SKU_0432,3,3505.37,0.0,1711.28
100261,4,SKU_0379,3,269.4,12.85,163.18
100262,1,SKU_0372,3,2248.3,0.0,1326.23
100262,2,SKU_0491,2,2230.48,0.0,975.96
100263,1,SKU_0140,1,3145.73,0.0,590.1
100263,2,SKU_0307,2,703.35,0.0,276.45
100263,3,SKU_0003,1,3523.25,218.94,724.9
100263,4,SKU_0276,1,3842.75,0.0,739.03
100264,1,SKU_0345,1,729.23,0.0,133.6
100264,2,SKU_0430,3,2004.47,0.0,1299.95
100264,3,SKU_0228,1,3573.49,0.0,717.68
100264,4,SKU_0364,2,2130.81,0.0,888.57
100265,1,SKU_0120,2,1865.29,11.26,799.35
100265,2,SKU_0362,3,3017.06,89.54,1508.44
100266,1,SKU_0292,3,4101.78,0.0,2017.11
100266,2,SKU_0066,3,2462.34,0.0,1572.4
100266,3,SKU_0374,2,466.66,0.0,187.45
100267,1,SKU_0002,2,1178.55,0.0,497.89
100267,2,SKU_0166,2,2636.56,0.0,1058.9
100267,3,SKU_0239,2,1225.14,0.0,398.95
100267,4,SKU_0471,2,2136.98,102.05,733.74
100268,1,SKU_0451,3,1541.96,0.0,1011.61
100269,1,SKU_0491,1,2262.77,0.0,404.24
100269,2,SKU_0321,3,1872.31,0.0,1098.4
100269,3,SKU_0321,2,2802.74,104.66,977.04
100269,4,SKU_0175,1,3501.74,0.0,758.52
100270,1,SKU_0392,1,4904.0,0.0,1071.38
100270,2,SKU_0470,1,3704.56,0.0,766.69
100270,3,SKU_0032,2,550.79,50.85,180.6
100270,4,SKU_0347,1,3396.42,150.95,625.28
100271,1,SKU_0120,3,1723.6,161.71,946.44
100271,2,SKU_0408,2,1307.17,0.0,520.4
100271,3,SKU_0346,1,4578.53,0.0,762.24
100271,4,SKU_0007,3,3797.92,0.0,2441.25
100272,1,SKU_0327,3,2596.34,164.54,1333.13
100272,2,SKU_0071,1,3159.04,148.37,602.71
100273,1,SKU_0160,3,3514.45,0.0,1983.96
100273,2,SKU_0309,2,1198.47,0.0,391.75
100273,3,SKU_0260,3,5135.27,0.0,3367.57
100274,1,SKU_0403,1,111.56,11.51,21.86
100274,2,SKU_0170,3,4672.13,0.0,2594.74
100275,1,SKU_0054,2,5566.24,760.33,1927.75
100275,2,SKU_0002,3,937.21,0.0,490.18
100276,1,SKU_0414,3,3997.02,0.0,2179.6
100276,2,SKU_0038,2,2146.61,0.0,800.36
100276,3,SKU_0324,3,3068.34,0.0,1582.78
100277,1,SKU_0090,1,947.62,0.0,199.81
100277,2,SKU_0126,1,137.81,0.0,29.58
100277,3,SKU_0011,3,629.98,0.0,340.76
100278,1,SKU_0157,2,420.1,0.0,181.88
100278,2,SKU_0410,3,1760.38,0.0,882.53
100279,1,SKU_0407,1,2378.49,0.0,425.93
100279,2,SKU_0220,3,2548.04,0.0,1614.94
100280,1,SKU_0405,1,529.15,0.0,112.38
100280,2,SKU_0436,3,1373.67,0.0,839.19
100280,3,SKU_0402,2,135.36,0.0,51.58
100281,1,SKU_0256,3,746.69,0.0,429.04
100281,2,SKU_0248,3,3285.25,233.99,1954.26
100281,3,SKU_0405,3,627.79,0.0,352.43
100282,1,SKU_0203,1,1049.87,0.0,226.91
100282,2,SKU_0192,2,178.94,0.0,63.6
100283,1,SKU_0118,3,1982.05,0.0,1103.4
100283,2,SKU_0240,2,585.42,0.0,206.51
100283,3,SKU_0013,1,3909.08,0.0,709.68
100284,1,SKU_0151,3,1970.24,0.0,1274.33
100285,1,SKU_0061,1,1516.9,0.0,260.6
100286,1,SKU_0129,2,2084.69,0.0,714.79
100286,2,SKU_0310,1,5605.71,0.0,899.78
100286,3,SKU_0154,2,2867.12,337.02,1242.89
100287,1,SKU_0242,3,954.54,0.0,606.88
100288,1,SKU_0117,3,5080.56,362.09,3099.41
100288,2,SKU_0237,2,2363.15,0.0,877.8
100289,1,SKU_0108,2,1257.16,0.0,423.25
100289,2,SKU_0448,1,3321.89,367.9,693.03
100289,3,SKU_0428,2,3539.02,223.09,1456.45
100289,4,SKU_0354,3,3545.91,0.0,2290.61
100290,1,SKU_0488,2,410.6,49.42,179.69
100290,2,SKU_0105,2,2252.5,131.18,750.16
100291,1,SKU_0328,2,3185.26,0.0,1031.54
100291,2,SKU_0353,3,4303.72,0.0,2771.78
100291,3,SKU_0198,2,3358.57,0.0,1257.98
100291,4,SKU_0189,3,1731.31,85.53,952.91
100292,1,SKU_0067,3,640.94,71.7,417.84
100293,1,SKU_0067,1,602.64,74.12,102.16
100293,2,SKU_0295,2,3126.1,236.12,1103.68
100294,1,SKU_0074,2,730.79,0.0,279.97
100295,1,SKU_0236,2,2364.09,0.0,939.86
100295,2,SKU_0471,2,1931.7,0.0,708.8
100295,3,SKU_0422,1,1567.94,43.06,293.94
100295,4,SKU_0467,3,2286.75,195.47,1385.21
100296,1,SKU_0123,1,4076.06,0.0,815.21
100297,1,SKU_0358,3,3353.23,110.06,1857.79
100298,1,SKU_0189,1,2644.6,0.0,488.21
100299,1,SKU_0130,1,1096.99,0.0,217.57
100299,2,SKU_0346,3,4597.86,237.67,2915.22
100300,1,SKU_0020,1,1594.17,0.0,286.36
100300,2,SKU_0384,2,4177.38,0.0,1694.47
100300,3,SKU_0225,1,1604.35,0.0,273.12
100300,4,SKU_0010,3,2630.25,116.76,1342.27
100301,1,SKU_0347,2,2693.02,0.0,1092.64
100302,1,SKU_0227,3,2894.98,0.0,1593.14
100302,2,SKU_0158,2,843.83,1.59,347.7
100303,1,SKU_0192,1,146.78,0.0,32.2
100303,2,SKU_0173,1,2368.92,0.0,492.3
100304,1,SKU_0371,1,981.26,0.0,176.0
100304,2,SKU_0321,1,2532.74,355.03,547.92
100305,1,SKU_0119,1,589.6,0.0,108.56
100306,1,SKU_0007,2,2898.39,0.0,1153.54
100306,2,SKU_0189,1,1800.36,0.0,370.97
100306,3,SKU_0256,1,846.12,0.0,148.17
100307,1,SKU_0308,2,4458.19,0.0,1604.26
100308,1,SKU_0436,3,1091.65,55.54,599.13
100308,2,SKU_0328,3,3482.16,0.0,1817.23
100308,3,SKU_0316,1,3988.13,0.0,786.4
100309,1,SKU_0071,2,4106.94,125.25,1414.95
100310,1,SKU_0122,3,1798.98,0.0,906.99
100311,1,SKU_0330,1,4195.47,0.0,860.21
100311,2,SKU_0118,3,2381.08,0.0,1531.5
100311,3,SKU_0341,1,5028.67,0.0,988.05
100312,1,SKU_0267,2,2741.43,0.0,1163.42
100312,2,SKU_0036,1,1809.98,0.0,303.23
100312,3,SKU_0089,3,2866.44,0.0,1497.82
100312,4,SKU_0041,2,3630.97,0.0,1268.63
100313,1,SKU_0311,1,3501.34,0.0,617.33
100313,2,SKU_0401,2,2458.48,358.68,898.15
100314,1,SKU_0226,2,905.12,0.0,378.66
100314,2,SKU_0407,2,2121.66,0.0,872.14
100314,3,SKU_0472,2,2201.29,0.0,772.38
100314,4,SKU_0238,2,1563.9,88.63,513.95
100315,1,SKU_0367,2,1889.52,0.0,607.56
100315,2,SKU_0257,3,501.21,37.46,325.41
100316,1,SKU_0197,2,1218.84,0.0,449.82
100316,2,SKU_0020,1,1723.8,0.0,354.72
100316,3,SKU_0491,2,2120.45,0.0,808.22
100317,1,SKU_0326,3,371.67,4.16,240.39
100317,2,SKU_0377,1,2623.86,0.0,519.15
100317,3,SKU_0347,1,3636.02,0.0,713.85
100317,4,SKU_0484,3,3348.52,0.0,1614.73
100318,1,SKU_0330,3,5060.42,0.0,2901.32
100319,1,SKU_0449,2,3462.46,0.0,1316.0
100319,2,SKU_0273,3,461.31,40.97,283.91
100320,1,SKU_0056,3,855.5,0.0,452.07
100321,1,SKU_0477,3,3281.77,0.0,2057.51
100321,2,SKU_0001,1,127.73,13.64,25.45
100322,1,SKU_0088,1,3329.67,0.0,629.93
100322,2,SKU_0258,1,2602.45,0.0,447.77
100322,3,SKU_0384,1,4896.42,141.74,912.91
100322,4,SKU_0468,3,1119.14,0.0,596.24
100323,1,SKU_0064,2,866.3,0.0,326.9
100323,2,SKU_0345,1,586.34,0.0,117.22
100323,3,SKU_0405,1,458.45,0.0,83.69
100323,4,SKU_0267,2,4037.37,0.0,1584.77
100324,1,SKU_0190,3,3848.51,0.0,2499.14
100324,2,SKU_0341,2,4062.39,0.0,1725.58
100324,3,SKU_0413,1,2508.99,327.76,510.61
100325,1,SKU_0014,3,3080.27,0.0,1682.81
100325,2,SKU_0317,3,2965.19,211.88,1775.68
100326,1,SKU_0327,2,2220.66,0.0,968.99
100327,1,SKU_0348,2,846.28,0.0,306.18
100327,2,SKU_0481,2,1106.16,0.0,451.44
100327,3,SKU_0151,3,1642.99,0.0,826.45
100328,1,SKU_0155,3,3967.45,587.52,2024.39
100329,1,SKU_0489,1,222.25,0.0,38.38
100329,2,SKU_0386,3,4933.01,0.0,2510.12
100329,3,SKU_0476,2,2963.81,0.0,1204.2
100329,4,SKU_0341,2,5371.42,0.0,2313.62
100330,1,SKU_0047,3,3652.97,0.0,2176.87
100330,2,SKU_0194,3,4651.22,506.11,2909.43
100330,3,SKU_0115,2,2818.49,0.0,1016.99
100330,4,SKU_0304,1,2754.68,0.0,461.81
100331,1,SKU_0489,2,233.43,0.0,91.23
100331,2,SKU_0098,2,1624.0,0.0,675.1
100331,3,SKU_0479,1,985.31,0.0,163.95
100332,1,SKU_0276,2,3014.61,0.0,1267.54
100333,1,SKU_0349,2,447.15,0.0,175.22
100333,2,SKU_0159,3,204.27,4.66,121.25
100333,3,SKU_0111,2,2158.15,0.0,944.7
100333,4,SKU_0171,1,2408.76,0.0,486.63
100334,1,SKU_0473,1,495.7,0.0,108.59
100335,1,SKU_0012,3,456.22,29.49,300.31
100335,2,SKU_0388,2,2016.06,0.0,713.45
100336,1,SKU_0359,3,1416.38,0.0,896.52
100336,2,SKU_0364,2,2486.98,0.0,927.71
100337,1,SKU_0150,1,2738.79,0.0,559.04
100337,2,SKU_0005,2,546.15,0.0,199.45
100337,3,SKU_0219,3,4127.22,0.0,2245.23
100337,4,SKU_0243,1,1663.44,0.0,325.37
100338,1,SKU_0322,3,2287.77,0.0,1261.47
100338,2,SKU_0155,3,3304.94,86.34,2047.92
100339,1,SKU_0399,2,1610.92,0.0,637.73
100340,1,SKU_0189,1,1864.99,24.03,370.17
100340,2,SKU_0466,3,3507.78,309.19,1856.56
100340,3,SKU_0382,1,2165.6,59.65,476.43
100340,4,SKU_0360,2,2478.67,0.0,812.06
100341,1,SKU_0208,3,415.34,35.09,204.14
100341,2,SKU_0429,3,2862.91,0.0,1762.5
100342,1,SKU_0495,3,915.32,0.0,440.23
100342,2,SKU_0229,2,2133.15,0.0,849.67
100343,1,SKU_0288,2,1894.07,0.0,721.14
100344,1,SKU_0495,3,626.1,0.0,328.52
100344,2,SKU_0024,3,4216.51,186.27,2130.07
100344,3,SKU_0252,3,824.44,0.0,485.69
100345,1,SKU_0353,1,4700.24,0.0,805.08
100345,2,SKU_0154,1,3041.44,0.0,594.62
100346,1,SKU_0066,3,3398.94,0.0,1790.97
100346,2,SKU_0333,1,1978.41,0.0,396.85
100346,3,SKU_0482,3,1810.66,0.0,1193.52
100347,1,SKU_0366,2,3677.38,0.0,1361.96
100347,2,SKU_0079,2,5797.54,0.0,2525.88
100348,1,SKU_0040,2,986.81,17.17,323.59
100348,2,SKU_0328,1,3760.31,0.0,634.66
100349,1,SKU_0141,1,1465.53,0.0,267.78
100349,2,SKU_0054,1,3853.47,0.0,752.7
100350,1,SKU_0049,3,4170.97,0.0,2416.15
100350,2,SKU_0312,1,4817.64,124.22,823.05
100350,3,SKU_0413,3,3715.53,439.8,2102.38
100350,4,SKU_0066,2,2368.97,0.0,945.0
100351,1,SKU_0194,3,4634.84,0.0,2814.97
100351,2,SKU_0128,3,1376.65,0.0,769.56
100352,1,SKU_0409,2,3471.43,144.35,1327.72
100352,2,SKU_0368,1,3225.4,0.0,594.73
100352,3,SKU_0161,1,2137.92,0.0,463.27
100353,1,SKU_0295,1,2335.08,100.84,486.87
100353,2,SKU_0006,2,3146.69,0.0,1188.06
100354,1,SKU_0208,1,589.85,0.0,119.65
100355,1,SKU_0126,3,177.97,0.0,104.88
100355,2,SKU_0494,1,1702.73,0.0,290.3
100355,3,SKU_0188,1,2360.28,337.27,447.82
100356,1,SKU_0192,1,159.44,0.0,28.29
100356,2,SKU_0248,2,2321.6,1.78,803.5
100357,1,SKU_0476,3,2465.53,330.52,1579.54
100357,2,SKU_0435,2,803.85,1.7,288.92
100357,3,SKU_0182,1,754.45,0.0,138.91
100358,1,SKU_0052,2,1168.61,0.0,431.55
100359,1,SKU_0004,1,3224.82,121.75,592.47
100359,2,SKU_0154,2,2358.84,0.0,785.6
100359,3,SKU_0225,3,1920.43,0.0,1180.06
100359,4,SKU_0003,2,3881.69,0.0,1330.44
100360,1,SKU_0069,2,903.73,0.0,306.58
100361,1,SKU_0486,2,2641.6,0.0,978.8
100361,2,SKU_0282,2,3192.4,0.0,1309.3
100362,1,SKU_0257,3,547.95,69.45,275.98
100362,2,SKU_0491,1,2141.39,0.0,406.86
100362,3,SKU_0393,3,2725.36,0.0,1518.95
100362,4,SKU_0306,3,1627.04,0.0,923.29
100363,1,SKU_0127,3,3045.07,0.0,1615.73
100363,2,SKU_0059,2,2655.95,99.3,913.14
100363,3,SKU_0362,1,3939.68,0.0,674.95
100363,4,SKU_0438,3,3880.18,0.0,1954.89
100364,1,SKU_0141,1,2278.7,0.0,377.02
100365,1,SKU_0195,2,1287.58,0.0,446.29
100366,1,SKU_0246,1,1476.53,0.0,245.99
100366,2,SKU_0187,2,4393.36,0.0,1574.5
100366,3,SKU_0025,1,1389.23,0.0,239.95
100366,4,SKU_0242,2,1152.08,0.0,403.54
100367,1,SKU_0187,2,3195.84,0.0,1284.59
100367,2,SKU_0395,1,4280.13,0.0,875.61
100367,3,SKU_0302,3,4749.12,0.0,2459.12
100367,4,SKU_0197,1,1632.34,0.0,265.19
100368,1,SKU_0099,3,2134.87,0.0,1140.59
100368,2,SKU_0243,1,1371.54,0.0,235.22
100369,1,SKU_0457,3,1355.69,182.09,804.43
100369,2,SKU_0061,2,1264.81,0.0,430.08
100369,3,SKU_0141,3,2316.25,0.0,1443.0
100370,1,SKU_0380,2,4718.46,0.0,1603.63
100370,2,SKU_0385,3,3726.0,435.81,2195.73
100371,1,SKU_0095,1,1657.63,0.0,352.66
100371,2,SKU_0405,3,568.28,0.0,303.81
100372,1,SKU_0152,3,1226.54,0.0,598.81
100372,2,SKU_0122,2,1295.69,0.0,558.79
100373,1,SKU_0448,1,3977.95,0.0,764.07
100373,2,SKU_0001,3,151.85,0.0,81.76
100373,3,SKU_0485,3,910.44,0.0,503.93
100374,1,SKU_0167,1,4651.07,0.0,805.36
100374,2,SKU_0495,2,628.14,0.0,255.47
100374,3,SKU_0353,2,5345.22,0.0,2234.42
100375,1,SKU_0167,2,3682.18,348.23,1247.07
100375,2,SKU_0119,3,832.5,46.67,413.64
100376,1,SKU_0236,1,2650.56,70.84,574.11
100376,2,SKU_0093,3,541.15,0.0,339.38
100377,1,SKU_0036,1,1834.84,68.25,304.61
100377,2,SKU_0270,1,3671.39,0.0,670.66
100378,1,SKU_0057,1,5217.8,0.0,876.23
100379,1,SKU_0138,1,685.9,0.0,149.15
100380,1,SKU_0278,3,3338.78,0.0,1724.21
100381,1,SKU_0389,3,621.02,0.0,335.17
100381,2,SKU_0080,1,1500.83,0.0,242.04
100381,3,SKU_0023,1,2980.36,46.75,502.22
100381,4,SKU_0468,1,1055.97,0.0,191.34
100382,1,SKU_0116,3,2522.28,0.0,1433.99
100382,2,SKU_0057,1,3621.89,0.0,596.08
100382,3,SKU_0171,1,1903.42,0.0,406.83
100383,1,SKU_0092,2,3274.38,294.9,1106.83
100383,2,SKU_0342,3,1984.61,0.0,1265.33
100384,1,SKU_0470,2,4297.2,0.0,1781.89
100384,2,SKU_0442,1,5021.55,0.0,921.13
100384,3,SKU_0370,2,550.34,10.23,239.48
100385,1,SKU_0075,1,640.89,13.13,116.1
100385,2,SKU_0254,2,3874.96,0.0,1304.26
100385,3,SKU_0484,3,5023.98,289.38,2898.71
100386,1,SKU_0273,3,448.15,26.47,257.62
100386,2,SKU_0398,3,4293.36,0.0,2242.57
100386,3,SKU_0002,1,1382.35,4.54,300.6
100386,4,SKU_0472,1,1610.35,0.0,286.13
100387,1,SKU_0428,3,4824.59,0.0,2498.81
100387,2,SKU_0115,1,3992.43,0.0,729.21
100388,1,SKU_0357,2,3016.23,0.0,1137.78
100389,1,SKU_0016,1,2455.98,0.0,394.8
100389,2,SKU_0426,2,296.24,0.0,121.39
100390,1,SKU_0241,2,681.13,0.0,241.4
100390,2,SKU_0080,1,2351.59,0.0,447.27
100390,3,SKU_0006,2,3382.5,345.29,1307.33
100391,1,SKU_0471,3,2103.2,224.08,1362.16
100391,2,SKU_0140,1,2930.99,0.0,599.65
100391,3,SKU_0206,3,2219.79,0.0,1391.77
100392,1,SKU_0245,2,1556.38,95.17,528.83
100392,2,SKU_0412,2,2210.43,0.0,735.03
100392,3,SKU_0186,3,4117.6,0.0,2185.61
100392,4,SKU_0278,1,2205.51,0.0,377.73
100393,1,SKU_0327,1,2571.33,0.0,498.39
100393,2,SKU_0405,2,442.78,0.0,142.14
100394,1,SKU_0385,2,4925.97,0.0,2020.74
100394,2,SKU_0372,2,2224.89,0.0,800.42
100394,3,SKU_0460,3,1593.49,0.0,771.67
100395,1,SKU_0245,3,1720.24,0.0,872.64
100395,2,SKU_0238,1,1928.05,0.0,410.8
100395,3,SKU_0414,3,4623.4,0.0,3045.97
100395,4,SKU_0257,3,564.16,0.0,316.24
100396,1,SKU_0174,2,3380.49,434.17,1097.99
100396,2,SKU_0365,3,1181.63,0.0,770.95
100397,1,SKU_0050,1,2325.33,0.0,441.66
100397,2,SKU_0233,2,3119.83,0.0,1103.22
100397,3,SKU_0187,2,2792.45,75.88,980.02
100397,4,SKU_0243,2,1534.4,0.0,664.06
100398,1,SKU_0021,2,965.88,0.0,360.18
100398,2,SKU_0263,3,5575.02,313.12,3183.72
100398,3,SKU_0135,3,2462.37,0.0,1510.39
100398,4,SKU_0126,3,191.79,0.0,102.09
100399,1,SKU_0292,2,4881.02,164.08,1953.86
100399,2,SKU_0179,2,1818.06,146.4,605.59
100400,1,SKU_0375,1,201.47,27.96,34.65
100400,2,SKU_0169,1,4241.75,634.0,732.8
100401,1,SKU_0059,2,2057.28,168.66,694.25
100401,2,SKU_0110,2,3544.92,525.27,1160.92
100401,3,SKU_0414,2,4928.01,0.0,1608.94
100401,4,SKU_0445,1,593.1,0.0,103.87
100402,1,SKU_0043,1,442.38,0.0,93.97
100402,2,SKU_0232,2,3125.09,0.0,1069.06
100403,1,SKU_0048,2,702.51,0.0,241.55
100404,1,SKU_0247,2,654.77,77.2,237.4
100404,2,SKU_0355,3,2732.88,0.0,1350.06
100404,3,SKU_0342,3,2351.95,0.0,1134.94
100404,4,SKU_0460,2,1953.65,0.0,651.8
100405,1,SKU_0135,3,3622.33,0.0,2152.29
100405,2,SKU_0328,3,3194.23,0.0,1774.82
100405,3,SKU_0280,1,1183.74,0.0,257.04
100405,4,SKU_0498,3,1261.55,0.0,609.22
100406,1,SKU_0258,1,2952.12,287.7,545.68
100406,2,SKU_0181,2,3048.08,0.0,1016.86
100406,3,SKU_0091,2,3898.25,0.0,1501.34
100407,1,SKU_0146,3,3772.74,0.0,2287.7
100407,2,SKU_0481,1,1110.1,0.0,183.59
100407,3,SKU_0009,3,4731.1,0.0,2810.44
100407,4,SKU_0258,3,3101.96,311.01,1607.24
100408,1,SKU_0283,2,1983.14,0.0,718.04
100408,2,SKU_0407,2,2709.11,333.57,869.39
100408,3,SKU_0192,1,175.0,0.0,31.23
100408,4,SKU_0463,2,2618.89,2.63,848.31
100409,1,SKU_0079,2,5429.98,0.0,1955.94
100410,1,SKU_0124,3,5497.63,159.68,3458.77
100410,2,SKU_0411,3,321.09,45.31,210.61
100410,3,SKU_0089,2,3389.07,263.45,1178.44
100410,4,SKU_0364,1,2549.53,241.85,536.88
100411,1,SKU_0429,3,2301.94,0.0,1143.58
100411,2,SKU_0224,1,3819.25,0.0,752.72
100411,3,SKU_0279,1,2995.53,0.0,656.04
100412,1,SKU_0096,1,1658.47,0.0,318.63
100412,2,SKU_0126,3,188.23,0.0,112.69
100412,3,SKU_0141,1,2284.45,0.0,380.72
100413,1,SKU_0055,1,576.7,0.0,94.95
100414,1,SKU_0468,1,1327.97,0.0,245.44
100414,2,SKU_0250,3,3225.71,332.88,2064.93
100414,3,SKU_0325,2,4004.21,0.0,1715.55
100415,1,SKU_0061,2,2062.83,0.0,699.31
100416,1,SKU_0475,1,2052.29,0.0,392.15
100416,2,SKU_0390,1,2218.47,0.0,358.88
100416,3,SKU_0071,1,3208.68,0.0,564.91
100417,1,SKU_0103,1,3848.91,0.0,723.68
100417,2,SKU_0415,2,344.38,0.0,120.54
100417,3,SKU_0102,3,1530.38,164.97,762.93
100417,4,SKU_0407,3,2557.66,304.86,1427.24
100418,1,SKU_0217,3,614.52,0.0,362.14
100418,2,SKU_0220,1,3047.86,0.0,569.84
100418,3,SKU_0456,1,3134.29,119.72,556.68
100418,4,SKU_0424,3,2541.32,202.69,1233.53
100419,1,SKU_0415,2,343.13,0.0,112.79
100419,2,SKU_0337,2,1688.2,0.0,542.18
100420,1,SKU_0368,2,3052.49,0.0,1306.01
100421,1,SKU_0198,2,4186.58,0.0,1621.53
100422,1,SKU_0294,3,2383.1,0.0,1492.8
100423,1,SKU_0101,1,454.47,0.0,84.2
100423,2,SKU_0064,2,929.53,46.25,323.82
100424,1,SKU_0146,1,3691.66,0.0,792.59
100425,1,SKU_0068,2,900.17,0.0,324.5
100425,2,SKU_0009,1,3792.78,472.29,771.43
100425,3,SKU_0141,2,2107.09,0.0,799.13
100426,1,SKU_0202,2,4406.94,0.0,1856.07
100427,1,SKU_0015,1,1957.71,0.0,429.94
100428,1,SKU_0116,1,2102.93,0.0,439.45
100428,2,SKU_0276,1,4100.66,0.0,873.44
100428,3,SKU_0023,1,2219.21,0.0,398.92
100428,4,SKU_0314,2,2043.55,0.0,797.01
100429,1,SKU_0065,2,453.22,51.44,179.67
100430,1,SKU_0268,3,173.54,12.96,113.8
100431,1,SKU_0396,3,366.77,0.0,223.01
100431,2,SKU_0181,3,3058.14,0.0,1850.46
100431,3,SKU_0039,2,2190.14,0.0,823.88
100432,1,SKU_0097,2,2531.48,0.0,1041.09
100432,2,SKU_0160,3,2851.31,0.0,1837.79
100432,3,SKU_0113,2,239.47,0.0,99.05
100432,4,SKU_0097,1,2823.08,0.0,612.86
100433,1,SKU_0076,2,2663.16,0.0,857.51
100434,1,SKU_0096,2,1154.32,114.94,418.13
100434,2,SKU_0061,3,1278.91,0.0,705.25
100434,3,SKU_0221,3,2038.12,0.0,1014.18
100434,4,SKU_0333,2,2343.24,0.0,803.11
100435,1,SKU_0305,2,4034.6,299.24,1343.93
100435,2,SKU_0026,3,937.51,0.0,458.97
100436,1,SKU_0295,2,2577.59,0.0,894.88
100437,1,SKU_0201,2,2840.05,0.0,1077.57
100437,2,SKU_0088,1,3278.98,0.0,669.02
100437,3,SKU_0049,1,4539.06,477.22,927.54
100437,4,SKU_0437,3,3469.45,0.0,1769.41
100438,1,SKU_0461,2,2889.18,6.51,1072.9
100438,2,SKU_0011,1,973.04,0.0,195.34
100438,3,SKU_0437,1,4221.91,0.0,799.2
100439,1,SKU_0242,1,721.24,0.0,151.55
100439,2,SKU_0269,3,2766.13,0.0,1377.53
100440,1,SKU_0232,2,3466.11,0.0,1385.09
100440,2,SKU_0130,2,1069.76,0.0,433.49
100440,3,SKU_0457,3,1241.19,159.69,620.96
100441,1,SKU_0076,2,2639.84,0.0,957.9
100442,1,SKU_0126,3,184.87,0.0,95.6
100443,1,SKU_0100,2,2363.41,342.3,1036.31
100444,1,SKU_0136,3,4109.1,204.81,2671.52
100444,2,SKU_0142,2,1042.52,0.0,437.96
100445,1,SKU_0222,2,1617.98,0.0,573.75
100446,1,SKU_0256,3,619.66,0.0,367.01
100447,1,SKU_0156,2,2816.09,0.0,1054.52
100447,2,SKU_0112,2,564.02,11.32,201.19
100448,1,SKU_0181,3,3056.18,0.0,1659.63
100448,2,SKU_0146,3,3730.78,0.0,2431.21
100448,3,SKU_0366,2,2888.96,317.93,1127.35
100448,4,SKU_0042,2,3049.0,0.0,1066.68
100449,1,SKU_0217,2,677.43,0.0,291.58
100449,2,SKU_0306,2,1818.02,0.0,757.25
100449,3,SKU_0072,3,379.37,14.98,219.95
100449,4,SKU_0155,2,2459.64,209.5,948.19
100450,1,SKU_0401,2,2485.11,0.0,945.48
100450,2,SKU_0351,3,139.37,8.05,77.45
100450,3,SKU_0211,2,2127.86,178.83,703.49
100450,4,SKU_0072,3,403.73,0.0,203.04
100451,1,SKU_0028,2,1553.23,156.45,647.54
100451,2,SKU_0448,3,3623.1,0.0,1915.28
100451,3,SKU_0333,1,1905.24,0.0,369.48
100452,1,SKU_0443,1,721.13,0.0,145.74
100452,2,SKU_0265,1,1213.85,0.0,210.5
100452,3,SKU_0346,3,5561.81,0.0,3389.62
100453,1,SKU_0413,2,3618.71,0.0,1158.0
100454,1,SKU_0267,1,2851.63,0.0,598.74
100455,1,SKU_0201,1,4400.24,198.66,963.48
100455,2,SKU_0420,1,4055.45,333.03,857.97
100455,3,SKU_0316,1,4276.37,0.0,720.57
100455,4,SKU_0382,3,1619.19,0.0,915.99
100456,1,SKU_0149,3,510.06,0.0,306.13
100456,2,SKU_0201,2,3968.18,64.78,1657.19
100456,3,SKU_0076,1,1969.61,36.37,316.44
100457,1,SKU_0018,3,283.81,28.32,138.41
100457,2,SKU_0465,2,2610.05,183.72,921.94
100457,3,SKU_0082,2,1830.24,0.0,662.29
100458,1,SKU_0263,1,3732.01,0.0,700.01
100458,2,SKU_0440,1,151.02,0.0,32.53
100458,3,SKU_0035,3,1734.82,0.0,1012.59
100458,4,SKU_0475,3,2802.88,0.0,1697.42
100459,1,SKU_0300,3,131.22,0.0,83.11
100459,2,SKU_0082,1,1441.11,23.86,258.56
100459,3,SKU_0119,3,859.65,0.0,525.31
100460,1,SKU_0387,2,4025.71,0.0,1343.53
100460,2,SKU_0434,3,1318.71,0.0,852.2
100460,3,SKU_0165,1,1189.2,0.0,204.24
100460,4,SKU_0252,2,1000.55,0.0,372.29
100461,1,SKU_0045,3,3461.52,0.0,1788.35
100461,2,SKU_0415,1,430.14,23.84,83.49
100462,1,SKU_0175,1,3282.22,471.57,562.6
100463,1,SKU_0293,2,2220.93,0.0,924.33
100463,2,SKU_0225,2,1737.0,0.0,582.35
100464,1,SKU_0052,1,1172.73,0.0,189.22
100464,2,SKU_0421,2,2653.43,0.0,870.73
100464,3,SKU_0447,1,981.8,0.0,207.35
100465,1,SKU_0205,3,2558.13,0.0,1496.25
100465,2,SKU_0480,2,3914.56,19.92,1375.21
100465,3,SKU_0172,1,3456.61,0.0,744.73
100466,1,SKU_0121,2,802.65,0.0,290.16
100467,1,SKU_0487,2,2974.77,0.0,1268.75
100468,1,SKU_0485,1,665.9,0.0,126.39
100468,2,SKU_0116,3,2473.54,0.0,1196.85
100468,3,SKU_0029,1,4966.73,604.66,997.9
100468,4,SKU_0378,1,3186.22,25.87,642.74
100469,1,SKU_0360,2,2845.25,0.0,1216.79
100469,2,SKU_0463,2,2212.77,0.0,771.33
100469,3,SKU_0048,3,568.64,0.0,374.37
100469,4,SKU_0008,3,1754.38,0.0,882.12
100470,1,SKU_0145,1,2686.57,0.0,590.74
100470,2,SKU_0067,3,633.68,0.0,312.88
100471,1,SKU_0254,3,4397.98,0.0,2462.15
100471,2,SKU_0155,2,3609.67,0.0,1383.3
100472,1,SKU_0164,3,4337.78,0.0,2785.19
100472,2,SKU_0362,3,3536.67,0.0,2233.25
100472,3,SKU_0267,1,2951.58,0.0,538.2
100473,1,SKU_0019,1,5169.11,504.27,1122.64
100473,2,SKU_0011,2,916.47,37.89,326.31
100474,1,SKU_0031,2,4992.96,0.0,2114.68
100475,1,SKU_0228,1,3579.94,204.32,687.17
100475,2,SKU_0339,2,637.95,0.0,273.81
100475,3,SKU_0387,2,4026.27,0.0,1654.27
100475,4,SKU_0175,3,3513.73,229.35,2181.57
100476,1,SKU_0414,1,4396.25,0.0,929.85
100477,1,SKU_0218,3,3762.87,0.0,1916.27
100477,2,SKU_0196,2,2468.29,0.0,1058.71
100477,3,SKU_0144,3,2178.05,0.0,1347.87
100477,4,SKU_0152,2,1448.96,0.0,526.56
100478,1,SKU_0401,3,3671.51,0.0,1965.14
100478,2,SKU_0339,2,996.61,126.86,374.25
100478,3,SKU_0226,1,886.66,128.5,175.79
100479,1,SKU_0210,1,4662.17,0.0,1012.61
100479,2,SKU_0226,1,787.64,0.0,167.09
100480,1,SKU_0117,3,3722.11,0.0,1942.5
100480,2,SKU_0336,1,3161.31,240.78,615.8
100481,1,SKU_0284,3,771.95,0.0,506.05
100482,1,SKU_0348,2,1005.27,0.0,363.88
100483,1,SKU_0260,2,3440.3,0.0,1235.39
100484,1,SKU_0425,3,1727.7,0.0,873.79
100484,2,SKU_0168,3,776.83,39.7,498.36
100484,3,SKU_0192,2,214.9,0.0,72.9
100485,1,SKU_0149,1,786.12,0.0,163.89
100486,1,SKU_0482,1,2087.09,0.0,381.66
100486,2,SKU_0333,1,2588.53,0.0,501.98
100486,3,SKU_0295,3,3064.35,0.0,1938.41
100487,1,SKU_0311,2,4233.42,0.0,1491.44
100488,1,SKU_0467,1,2496.51,0.0,434.03
100488,2,SKU_0162,3,4277.21,444.97,2617.24
100488,3,SKU_0451,2,1230.59,0.0,528.85
100489,1,SKU_0310,1,4321.53,0.0,931.48
100489,2,SKU_0126,2,179.09,0.0,74.41
100489,3,SKU_0175,2,2392.61,0.0,931.02
100489,4,SKU_0324,1,3051.31,0.0,518.74
100490,1,SKU_0135,3,3603.72,0.0,1811.78
100490,2,SKU_0018,2,197.09,0.0,66.2
100490,3,SKU_0444,3,457.29,0.0,229.99
100490,4,SKU_0357,3,2794.49,0.0,1792.77
100491,1,SKU_0303,3,2537.89,0.0,1251.88
100491,2,SKU_0472,2,2592.67,354.25,1060.1
100491,3,SKU_0224,2,4061.64,0.0,1652.46
100492,1,SKU_0078,1,299.44,17.24,54.73
100493,1,SKU_0091,3,4525.4,0.0,2361.39
100493,2,SKU_0253,2,3409.46,265.23,1207.74
100493,3,SKU_0197,2,1539.63,0.0,643.07
100493,4,SKU_0377,3,2573.26,0.0,1281.24
100494,1,SKU_0085,1,2807.1,0.0,598.25
100494,2,SKU_0148,2,2438.83,0.0,975.46
100494,3,SKU_0073,1,3224.07,0.0,521.14
100495,1,SKU_0492,3,4625.27,136.19,2913.23
100496,1,SKU_0190,1,2826.26,401.9,576.35
100497,1,SKU_0426,2,324.0,0.0,120.96
100497,2,SKU_0222,2,1368.2,0.0,557.95
100498,1,SKU_0496,2,619.59,0.0,252.35
100499,1,SKU_0081,3,3757.02,0.0,2281.36
100499,2,SKU_0162,1,3305.41,0.0,566.63
100499,3,SKU_0286,3,2658.93,0.0,1393.98
100500,1,SKU_0447,1,859.59,0.0,162.52
100500,2,SKU_0096,3,1532.58,0.0,997.94
100500,3,SKU_0439,3,4348.06,0.0,2471.11
100500,4,SKU_0313,1,4571.34,0.0,899.65
100501,1,SKU_0327,2,2953.66,0.0,1256.33
100501,2,SKU_0431,1,2047.89,205.52,425.56
100502,1,SKU_0307,2,965.41,0.0,321.95
100502,2,SKU_0452,2,2232.67,0.0,891.93
100502,3,SKU_0060,1,605.08,0.0,109.43
100502,4,SKU_0204,3,2171.1,287.41,1277.02
100503,1,SKU_0015,2,2255.31,73.55,738.15
100503,2,SKU_0396,2,323.7,16.1,135.01
100504,1,SKU_0205,2,4060.92,0.0,1465.1
100504,2,SKU_0420,1,3090.83,0.0,593.94
100504,3,SKU_0400,3,2057.1,0.0,1035.25
100504,4,SKU_0277,1,3199.8,11.11,529.3
100505,1,SKU_0468,2,1606.82,0.0,614.19
100505,2,SKU_0186,3,3020.81,71.98,1917.46
100505,3,SKU_0118,2,3027.5,0.0,1118.99
100506,1,SKU_0482,1,1684.93,0.0,320.29
100506,2,SKU_0406,2,1636.24,0.0,568.76
100507,1,SKU_0018,2,297.58,36.48,118.63
100507,2,SKU_0068,3,1426.12,0.0,703.51
100508,1,SKU_0011,1,878.08,0.0,145.53
100508,2,SKU_0302,2,3776.82,0.0,1564.26
100508,3,SKU_0218,3,3805.95,173.2,1965.7
100508,4,SKU_0136,3,4643.3,262.91,2306.56
100509,1,SKU_0288,2,1584.4,0.0,579.71
100509,2,SKU_0255,3,373.71,0.0,209.8
100509,3,SKU_0296,1,1232.92,0.0,232.54
100509,4,SKU_0056,3,741.87,0.0,368.84
100510,1,SKU_0107,2,4646.83,59.39,1830.75
100510,2,SKU_0243,3,1505.94,0.0,738.83
100511,1,SKU_0130,2,984.99,0.0,319.51
100511,2,SKU_0353,3,4554.66,0.0,2752.25
100511,3,SKU_0387,3,3804.38,0.0,2483.14
100511,4,SKU_0121,2,1014.34,0.0,436.72
100512,1,SKU_0359,1,1402.1,0.0,268.08
100512,2,SKU_0063,1,320.61,0.0,52.05
100512,3,SKU_0218,2,2788.96,336.19,939.28
100512,4,SKU_0448,3,3541.15,0.0,1977.33
100513,1,SKU_0369,3,4042.4,0.0,2350.6
100513,2,SKU_0085,1,2811.02,0.0,537.36
100513,3,SKU_0129,2,1810.33,0.0,614.98
100514,1,SKU_0006,2,2751.69,0.0,1208.53
100514,2,SKU_0003,2,3572.13,0.0,1373.58
100514,3,SKU_0170,1,3472.1,0.0,569.45
100514,4,SKU_0326,3,479.96,0.0,310.54
100515,1,SKU_0146,2,3584.72,165.1,1549.02
100515,2,SKU_0288,3,1717.53,0.0,856.25
100515,3,SKU_0111,2,2013.76,0.0,836.97
100516,1,SKU_0170,3,5161.38,0.0,3375.54
100516,2,SKU_0378,3,3375.52,0.0,1621.87
100516,3,SKU_0119,1,583.9,0.0,98.45
100516,4,SKU_0244,1,2588.55,0.0,435.44
100517,1,SKU_0218,3,3323.35,0.0,1739.24
100517,2,SKU_0202,2,4569.77,0.0,1633.29
100517,3,SKU_0268,2,204.24,0.0,88.77
100517,4,SKU_0485,3,890.36,95.29,517.2
100518,1,SKU_0356,2,3337.9,279.78,1329.32
100518,2,SKU_0092,1,3843.71,0.0,783.0
100518,3,SKU_0110,3,3529.77,0.0,1937.29
100518,4,SKU_0092,3,4063.02,0.0,2334.94
100519,1,SKU_0301,2,1004.46,0.0,382.03
100520,1,SKU_0311,2,2947.13,122.27,1083.94
100521,1,SKU_0141,3,1425.69,0.0,905.85
100521,2,SKU_0475,2,3088.7,293.29,1052.79
100521,3,SKU_0384,3,4766.56,0.0,2605.0
100522,1,SKU_0362,3,2956.73,0.0,1642.53
100522,2,SKU_0434,1,1303.64,0.0,233.16
100523,1,SKU_0437,1,4351.27,0.0,914.8
100523,2,SKU_0435,2,1267.27,0.0,484.05
100523,3,SKU_0482,3,2115.64,0.0,1040.24
100524,1,SKU_0374,2,435.03,0.0,170.98
100524,2,SKU_0353,3,4122.88,0.0,2209.9
100525,1,SKU_0061,2,1608.26,0.0,623.91
100525,2,SKU_0238,1,1279.29,0.0,218.94
100525,3,SKU_0303,3,2977.27,0.0,1545.66
100526,1,SKU_0236,1,2724.26,0.0,572.74
100526,2,SKU_0329,1,2073.38,0.0,338.38
100526,3,SKU_0362,2,2958.78,0.0,1093.8
100527,1,SKU_0140,1,2405.67,107.13,423.09
100527,2,SKU_0251,2,2348.23,123.53,985.18
100528,1,SKU_0019,3,4398.89,0.0,2898.32
100528,2,SKU_0223,2,1463.6,0.0,504.79
100529,1,SKU_0047,3,4581.83,178.21,2414.41
100529,2,SKU_0473,1,421.08,40.23,70.91
100529,3,SKU_0301,2,1029.94,0.0,369.42
100530,1,SKU_0323,2,4941.49,6.85,1863.24
100531,1,SKU_0332,1,3957.67,0.0,744.08
100531,2,SKU_0096,1,1485.95,137.82,302.92
100531,3,SKU_0243,1,1172.23,0.0,221.5
100532,1,SKU_0154,1,3058.66,0.0,566.64
100532,2,SKU_0397,2,3475.18,0.0,1180.46
100532,3,SKU_0086,2,1131.85,0.0,491.43
100532,4,SKU_0291,1,993.95,0.0,216.9
100533,1,SKU_0406,1,2497.55,0.0,468.63
100533,2,SKU_0338,1,2143.96,0.0,353.37
100533,3,SKU_0121,1,1000.81,0.0,201.25
100534,1,SKU_0003,2,2650.6,40.62,1070.45
100534,2,SKU_0468,2,1533.85,0.0,631.28
100534,3,SKU_0050,2,2304.05,0.0,847.86
100535,1,SKU_0460,2,1858.2,203.85,727.73
100535,2,SKU_0274,1,2616.34,0.0,453.42
100535,3,SKU_0312,1,4547.61,0.0,864.44
100536,1,SKU_0313,3,4661.67,0.0,2353.46
100537,1,SKU_0023,1,2608.39,37.24,519.7
100537,2,SKU_0218,1,2991.81,174.2,484.94
100538,1,SKU_0092,1,3050.04,0.0,573.09
100538,2,SKU_0043,2,628.09,10.45,261.55
100538,3,SKU_0007,1,3089.35,266.73,621.51
100538,4,SKU_0006,2,3111.52,313.13,1283.7
100539,1,SKU_0218,2,3803.43,67.04,1446.24
100539,2,SKU_0400,2,2876.65,0.0,959.08
100539,3,SKU_0092,2,3276.47,0.0,1107.6
100540,1,SKU_0486,3,2227.91,66.84,1243.8
100540,2,SKU_0238,2,1214.81,158.28,442.25
100540,3,SKU_0456,3,2773.14,0.0,1668.04
100541,1,SKU_0278,2,2376.21,0.0,887.78
100542,1,SKU_0326,1,419.51,0.0,80.49
100542,2,SKU_0203,1,969.4,0.0,197.38
100542,3,SKU_0325,2,3319.88,137.52,1336.85
100543,1,SKU_0471,3,2455.55,0.0,1212.49
100543,2,SKU_0191,1,3256.3,0.0,595.63
100544,1,SKU_0173,3,2447.85,0.0,1256.01
100545,1,SKU_0370,3,532.46,7.25,348.08
100545,2,SKU_0407,1,2945.16,0.0,593.91
100545,3,SKU_0026,2,1121.94,37.0,396.02
100546,1,SKU_0142,3,1357.7,0.0,817.44
100546,2,SKU_0140,1,2756.61,8.72,549.76
100547,1,SKU_0137,2,933.48,0.0,309.6
100547,2,SKU_0116,1,2980.55,0.0,607.11
100547,3,SKU_0312,2,4170.16,0.0,1605.41
100548,1,SKU_0477,3,2578.31,0.0,1619.37
100548,2,SKU_0078,2,338.62,0.0,135.7
100548,3,SKU_0131,2,1117.66,0.0,442.33
100548,4,SKU_0288,2,1247.67,0.0,444.77
100549,1,SKU_0232,3,3031.9,0.0,1796.0
100549,2,SKU_0290,2,210.27,0.0,81.33
100549,3,SKU_0252,1,854.44,69.36,167.84
100550,1,SKU_0050,2,2439.42,0.0,832.9
100551,1,SKU_0393,3,3961.71,0.0,2437.37
100551,2,SKU_0215,3,328.51,0.0,196.96
100552,1,SKU_0258,3,2717.55,92.53,1546.48
100552,2,SKU_0238,2,1878.22,0.0,691.2
100552,3,SKU_0002,3,1287.63,0.0,776.45
100553,1,SKU_0197,3,1465.27,214.16,753.15
100554,1,SKU_0317,1,2215.85,0.0,434.25
100555,1,SKU_0485,1,687.63,26.53,138.26
100555,2,SKU_0488,2,296.81,27.17,114.64
100555,3,SKU_0443,1,1066.6,0.0,216.93
100555,4,SKU_0123,1,4559.19,0.0,817.75
100556,1,SKU_0034,1,3011.31,0.0,605.33
100556,2,SKU_0228,1,4841.18,0.0,1008.04
100556,3,SKU_0429,2,3354.73,0.0,1259.59
100557,1,SKU_0004,3,2129.1,216.49,1352.38
100558,1,SKU_0401,2,3916.21,0.0,1589.57
100559,1,SKU_0225,2,1910.48,18.07,801.25
100560,1,SKU_0187,2,3968.88,305.04,1474.16
100561,1,SKU_0054,1,5495.23,0.0,1117.29
100562,1,SKU_0212,3,482.29,66.13,249.74
100562,2,SKU_0050,2,3078.14,35.13,1262.96
100562,3,SKU_0388,2,1961.33,0.0,812.94
100563,1,SKU_0291,2,1295.75,0.0,495.77
100563,2,SKU_0014,1,4611.96,0.0,822.77
100563,3,SKU_0367,1,2329.92,107.2,466.91
100564,1,SKU_0381,3,926.5,84.81,487.63
100564,2,SKU_0117,1,5321.17,0.0,1037.92
100565,1,SKU_0187,3,3578.8,467.29,2025.08
100565,2,SKU_0461,1,4445.55,0.0,850.88
100565,3,SKU_0194,2,4445.91,580.84,1516.26
100566,1,SKU_0008,3,2495.53,0.0,1290.58
100566,2,SKU_0077,2,4067.21,0.0,1618.75
100566,3,SKU_0183,2,4210.39,0.0,1771.72
100566,4,SKU_0434,3,2057.58,0.0,1233.65
100567,1,SKU_0321,1,2942.25,0.0,568.43
100567,2,SKU_0274,3,2902.2,0.0,1626.38
100567,3,SKU_0268,1,173.98,0.0,35.04
100567,4,SKU_0334,1,1828.8,0.0,297.02
100568,1,SKU_0283,2,1952.84,0.0,837.25
100568,2,SKU_0068,3,1066.64,0.0,624.43
100568,3,SKU_0298,2,606.88,0.0,217.42
100569,1,SKU_0101,2,312.86,0.0,103.86
100570,1,SKU_0307,2,844.47,2.21,357.5
100570,2,SKU_0058,3,4091.84,0.0,2397.85
100571,1,SKU_0001,2,187.23,17.29,74.09
100571,2,SKU_0169,3,4651.77,0.0,2454.07
100571,3,SKU_0273,1,351.26,0.0,69.39
100571,4,SKU_0058,1,3377.92,162.42,640.95
100572,1,SKU_0034,2,3884.47,56.01,1402.65
100572,2,SKU_0352,3,1565.44,0.0,966.37
100573,1,SKU_0158,3,990.8,114.14,493.94
100573,2,SKU_0154,3,2077.53,0.0,1055.7
100574,1,SKU_0403,1,144.29,0.0,25.91
100574,2,SKU_0265,2,1270.42,0.0,441.4
100574,3,SKU_0135,2,3984.25,0.0,1344.28
100574,4,SKU_0171,3,1896.33,212.23,1015.38
100575,1,SKU_0391,2,245.8,0.0,107.23
100575,2,SKU_0182,3,1184.1,0.0,572.52
100575,3,SKU_0361,1,399.06,0.0,83.78
100575,4,SKU_0013,2,3878.96,0.0,1612.47
100576,1,SKU_0439,2,3048.14,0.0,1239.81
100576,2,SKU_0483,3,3409.53,0.0,2116.03
100576,3,SKU_0200,3,1368.53,0.0,725.9
100576,4,SKU_0311,3,3649.19,0.0,1932.93
100577,1,SKU_0225,2,1295.83,0.0,465.13
100577,2,SKU_0397,3,2677.68,0.0,1569.56
100577,3,SKU_0294,1,2566.35,0.0,498.81
100578,1,SKU_0286,3,2634.77,0.0,1630.87
100578,2,SKU_0035,3,1944.48,0.0,1250.14
100578,3,SKU_0229,3,3199.76,89.2,1667.02
100579,1,SKU_0171,1,2246.34,0.0,440.77
100579,2,SKU_0478,1,939.2,90.84,172.6
100579,3,SKU_0250,1,4876.16,0.0,784.93
100580,1,SKU_0017,3,3304.93,162.81,1754.51
100580,2,SKU_0171,3,1586.22,0.0,1039.55
100580,3,SKU_0400,1,2631.13,0.0,511.59
100580,4,SKU_0240,3,663.49,0.0,410.09
100581,1,SKU_0419,2,3984.53,0.0,1586.06
100581,2,SKU_0038,1,3074.03,157.35,655.89
100581,3,SKU_0206,3,2582.36,241.97,1248.3
100581,4,SKU_0116,2,2582.21,0.0,1007.39
100582,1,SKU_0273,2,414.3,0.0,176.98
100582,2,SKU_0367,3,1838.47,0.0,984.55
100582,3,SKU_0052,1,1194.17,0.0,246.92
100583,1,SKU_0489,1,203.98,0.0,40.69
100583,2,SKU_0104,2,649.43,0.0,280.79
100583,3,SKU_0112,2,361.73,47.74,121.1
100584,1,SKU_0014,2,4586.4,0.0,1677.02
100584,2,SKU_0229,2,2519.9,78.52,984.84
100584,3,SKU_0064,1,1401.72,0.0,237.97
100584,4,SKU_0108,1,1590.63,0.0,326.05
100585,1,SKU_0213,1,3213.67,0.0,606.35
100585,2,SKU_0261,1,1830.93,5.42,381.21
100585,3,SKU_0205,1,3081.53,0.0,573.32
100586,1,SKU_0118,3,2041.62,197.45,1301.88
100586,2,SKU_0009,2,4319.61,0.0,1455.23
100586,3,SKU_0128,1,1346.41,0.0,226.75
100587,1,SKU_0391,1,255.5,0.0,46.58
100587,2,SKU_0213,1,3630.58,0.0,742.52
100587,3,SKU_0415,3,296.66,0.0,184.4
100587,4,SKU_0016,2,2231.75,0.0,957.59
100588,1,SKU_0319,2,2529.03,0.0,1079.03
100588,2,SKU_0018,3,314.48,0.0,181.49
100588,3,SKU_0391,3,371.14,0.0,179.15
100589,1,SKU_0048,2,963.1,17.13,361.87
100589,2,SKU_0213,3,3672.84,0.0,1968.85
100590,1,SKU_0461,2,2863.63,0.0,1245.19
100590,2,SKU_0343,3,983.04,0.0,494.12
100590,3,SKU_0264,1,1499.7,0.0,306.83
100590,4,SKU_0368,2,3182.11,0.0,1104.66
100591,1,SKU_0374,3,498.69,53.43,299.37
100591,2,SKU_0267,3,3422.86,0.0,1845.02
100592,1,SKU_0339,1,882.22,0.0,180.75
100592,2,SKU_0410,2,1567.67,0.0,504.35
100592,3,SKU_0325,1,4052.85,145.35,726.89
100593,1,SKU_0248,2,2214.22,288.93,828.68
100593,2,SKU_0110,2,3640.57,0.0,1490.43
100593,3,SKU_0336,3,4637.21,0.0,2438.95
100593,4,SKU_0414,2,4888.51,0.0,1956.19
100594,1,SKU_0391,3,290.77,34.32,173.19
100594,2,SKU_0494,3,1252.7,43.45,788.47
100594,3,SKU_0062,3,1256.07,0.0,672.33
100595,1,SKU_0284,1,1122.06,0.0,206.29
100595,2,SKU_0482,3,1871.25,0.0,1159.55
100595,3,SKU_0102,3,1461.26,0.0,849.46
100595,4,SKU_0272,3,2355.56,0.0,1424.8
100596,1,SKU_0192,1,137.62,0.0,28.98
100596,2,SKU_0385,3,3241.29,458.15,2056.58
100597,1,SKU_0026,2,964.54,130.45,412.1
100597,2,SKU_0240,2,497.13,0.0,163.55
100597,3,SKU_0363,3,728.17,0.0,357.28
100598,1,SKU_0072,1,329.19,0.0,60.4
100598,2,SKU_0082,3,1751.63,0.0,1103.84
100598,3,SKU_0037,1,953.09,40.21,159.56
100598,4,SKU_0379,3,321.73,8.18,162.68
100599,1,SKU_0390,2,1936.36,0.0,741.45
100599,2,SKU_0396,3,389.32,14.33,207.81
100599,3,SKU_0064,3,1267.81,0.0,809.42
