order_id,order_dt,store_code,channel,customer_ext_id,currency
100000,2025-08-30,MILAN_CHANEL_05,E_COM,CUST_013395,SGD
100001,2025-08-11,SINGAPORE_CHANEL_10,BOUTIQUE,CUST_010966,EUR
100002,2025-08-11,LONDRES_CHANEL_02,E_COM,CUST_009311,GBP
100003,2025-08-24,SINGAPORE_CHANEL_10,BOUTIQUE,CUST_010924,EUR
100004,2025-08-19,NEWYORK_CHANEL_03,E_COM,CUST_010166,KRW
100005,2025-08-23,MADRID_CHANEL_07,BOUTIQUE,CUST_019499,KRW
100006,2025-08-31,LONDRES_CHANEL_02,E_COM,CUST_018315,JPY
100007,2025-08-21,DUBAI_CHANEL_06,BOUTIQUE,CUST_017249,EUR
100008,2025-08-21,MADRID_CHANEL_07,E_COM,CUST_000598,GBP
100009,2025-08-10,NEWYORK_CHANEL_03,BOUTIQUE,CUST_011198,SGD
100010,2025-08-16,TOKYO_CHANEL_04,BOUTIQUE,CUST_004508,USD
100011,2025-08-03,MILAN_CHANEL_05,BOUTIQUE,CUST_016636,SGD
100012,2025-08-18,SEOUL_CHANEL_09,BOUTIQUE,CUST_011036,SGD
100013,2025-08-20,NEWYORK_CHANEL_03,E_COM,CUST_005055,USD
100014,2025-08-06,SINGAPORE_CHANEL_10,BOUTIQUE,CUST_014342,EUR
100015,2025-08-14,DUBAI_CHANEL_06,BOUTIQUE,CUST_014556,AED
100016,2025-08-10,BERLIN_CHANEL_08,BOUTIQUE,CUST_017499,USD
100017,2025-08-10,BERLIN_CHANEL_08,BOUTIQUE,CUST_012054,KRW
100018,2025-08-31,SINGAPORE_CHANEL_10,E_COM,CUST_015129,SGD
100019,2025-08-10,MADRID_CHANEL_07,E_COM,CUST_005311,SGD
100020,2025-08-07,SINGAPORE_CHANEL_10,BOUTIQUE,CUST_008193,EUR
100021,2025-08-21,BERLIN_CHANEL_08,E_COM,CUST_018172,EUR
100022,2025-08-23,SEOUL_CHANEL_09,BOUTIQUE,CUST_009341,EUR
100023,2025-08-25,NEWYORK_CHANEL_03,E_COM,CUST_014724,AED
100024,2025-08-05,MADRID_CHANEL_07,BOUTIQUE,CUST_007276,SGD
100025,2025-08-15,DUBAI_CHANEL_06,BOUTIQUE,CUST_013596,EUR
100026,2025-08-13,SEOUL_CHANEL_09,E_COM,CUST_007726,JPY
100027,2025-08-03,DUBAI_CHANEL_06,BOUTIQUE,CUST_000924,GBP
100028,2025-08-30,LONDRES_CHANEL_02,E_COM,CUST_004786,USD
100029,2025-08-02,MILAN_CHANEL_05,E_COM,CUST_004548,SGD
100030,2025-08-23,BERLIN_CHANEL_08,E_COM,CUST_000173,EUR
100031,2025-08-01,MILAN_CHANEL_05,BOUTIQUE,CUST_004900,AED
100032,2025-08-31,SINGAPORE_CHANEL_10,E_COM,CUST_003644,SGD
100033,2025-08-10,TOKYO_CHANEL_04,E_COM,CUST_003993,EUR
100034,2025-08-08,MADRID_CHANEL_07,E_COM,CUST_002059,EUR
100035,2025-08-27,BERLIN_CHANEL_08,BOUTIQUE,CUST_016888,AED
100036,2025-08-08,NEWYORK_CHANEL_03,E_COM,CUST_014066,EUR
100037,2025-08-20,DUBAI_CHANEL_06,BOUTIQUE,CUST_018700,JPY
100038,2025-08-06,LONDRES_CHANEL_02,E_COM,CUST_002218,AED
100039,2025-08-18,SEOUL_CHANEL_09,BOUTIQUE,CUST_012795,SGD
100040,2025-08-16,PARIS_CHANEL_01,E_COM,CUST_012233,GBP
100041,2025-08-24,PARIS_CHANEL_01,E_COM,CUST_002214,GBP
100042,2025-08-08,LONDRES_CHANEL_02,E_COM,CUST_004372,EUR
100043,2025-08-12,SEOUL_CHANEL_09,E_COM,CUST_005738,SGD
100044,2025-08-25,BERLIN_CHANEL_08,E_COM,CUST_005973,SGD
100045,2025-08-05,LONDRES_CHANEL_02,E_COM,CUST_001212,GBP
100046,2025-08-07,PARIS_CHANEL_01,BOUTIQUE,CUST_001374,GBP
100047,2025-08-30,MILAN_CHANEL_05,E_COM,CUST_017795,JPY
100048,2025-08-09,PARIS_CHANEL_01,BOUTIQUE,CUST_009376,GBP
100049,2025-08-28,PARIS_CHANEL_01,E_COM,CUST_008953,EUR
100050,2025-08-26,DUBAI_CHANEL_06,E_COM,CUST_013108,KRW
100051,2025-08-15,MADRID_CHANEL_07,E_COM,CUST_006122,JPY
100052,2025-08-23,BERLIN_CHANEL_08,E_COM,CUST_017016,GBP
100053,2025-08-26,LONDRES_CHANEL_02,E_COM,CUST_002587,JPY
100054,2025-08-20,NEWYORK_CHANEL_03,E_COM,CUST_010526,EUR
100055,2025-08-03,DUBAI_CHANEL_06,E_COM,CUST_010044,JPY
100056,2025-08-20,MADRID_CHANEL_07,BOUTIQUE,CUST_014546,GBP
100057,2025-08-15,PARIS_CHANEL_01,E_COM,CUST_014253,GBP
100058,2025-08-21,PARIS_CHANEL_01,BOUTIQUE,CUST_013311,GBP
100059,2025-08-17,NEWYORK_CHANEL_03,BOUTIQUE,CUST_004679,SGD
100060,2025-08-20,BERLIN_CHANEL_08,BOUTIQUE,CUST_004137,EUR
100061,2025-08-08,DUBAI_CHANEL_06,E_COM,CUST_012546,AED
100062,2025-08-02,SINGAPORE_CHANEL_10,BOUTIQUE,CUST_014744,GBP
100063,2025-08-12,BERLIN_CHANEL_08,BOUTIQUE,CUST_018807,USD
100064,2025-08-17,DUBAI_CHANEL_06,E_COM,CUST_010302,KRW
100065,2025-08-09,TOKYO_CHANEL_04,BOUTIQUE,CUST_000850,KRW
100066,2025-08-06,BERLIN_CHANEL_08,E_COM,CUST_018405,EUR
100067,2025-08-09,MILAN_CHANEL_05,E_COM,CUST_007032,AED
100068,2025-08-10,BERLIN_CHANEL_08,BOUTIQUE,CUST_004019,USD
100069,2025-08-28,LONDRES_CHANEL_02,E_COM,CUST_005658,KRW
100070,2025-08-15,LONDRES_CHANEL_02,E_COM,CUST_011385,KRW
100071,2025-08-03,SEOUL_CHANEL_09,E_COM,CUST_009829,SGD
100072,2025-08-06,NEWYORK_CHANEL_03,E_COM,CUST_016671,USD
100073,2025-08-04,TOKYO_CHANEL_04,BOUTIQUE,CUST_007758,SGD
100074,2025-08-16,PARIS_CHANEL_01,E_COM,CUST_018155,AED
100075,2025-08-12,BERLIN_CHANEL_08,BOUTIQUE,CUST_002826,EUR
100076,2025-08-10,MADRID_CHANEL_07,E_COM,CUST_017226,JPY
100077,2025-08-25,MADRID_CHANEL_07,BOUTIQUE,CUST_004107,GBP
100078,2025-08-21,LONDRES_CHANEL_02,E_COM,CUST_015265,KRW
100079,2025-08-17,DUBAI_CHANEL_06,BOUTIQUE,CUST_018066,KRW
100080,2025-08-19,NEWYORK_CHANEL_03,BOUTIQUE,CUST_014177,AED
100081,2025-08-30,PARIS_CHANEL_01,BOUTIQUE,CUST_016978,USD
100082,2025-08-10,NEWYORK_CHANEL_03,BOUTIQUE,CUST_010573,KRW
100083,2025-08-08,DUBAI_CHANEL_06,E_COM,CUST_002585,GBP
100084,2025-08-07,SEOUL_CHANEL_09,E_COM,CUST_004102,KRW
100085,2025-08-10,SINGAPORE_CHANEL_10,BOUTIQUE,CUST_016469,KRW
100086,2025-08-06,SINGAPORE_CHANEL_10,BOUTIQUE,CUST_005610,KRW
100087,2025-08-20,SINGAPORE_CHANEL_10,E_COM,CUST_018469,EUR
100088,2025-08-27,PARIS_CHANEL_01,BOUTIQUE,CUST_001490,KRW
100089,2025-08-25,SINGAPORE_CHANEL_10,E_COM,CUST_006908,SGD
100090,2025-08-19,MADRID_CHANEL_07,BOUTIQUE,CUST_016320,KRW
100091,2025-08-18,MILAN_CHANEL_05,E_COM,CUST_015826,USD
100092,2025-08-26,MADRID_CHANEL_07,E_COM,CUST_014862,EUR
100093,2025-08-23,PARIS_CHANEL_01,BOUTIQUE,CUST_014405,JPY
100094,2025-08-16,BERLIN_CHANEL_08,BOUTIQUE,CUST_011148,AED
100095,2025-08-05,DUBAI_CHANEL_06,E_COM,CUST_011318,JPY
100096,2025-08-05,DUBAI_CHANEL_06,BOUTIQUE,CUST_010457,USD
100097,2025-08-15,LONDRES_CHANEL_02,E_COM,CUST_014733,USD
100098,2025-08-05,LONDRES_CHANEL_02,BOUTIQUE,CUST_009510,JPY
100099,2025-08-28,SINGAPORE_CHANEL_10,E_COM,CUST_008136,SGD
100100,2025-08-29,NEWYORK_CHANEL_03,E_COM,CUST_018930,KRW
100101,2025-08-11,TOKYO_CHANEL_04,BOUTIQUE,CUST_016328,AED
100102,2025-08-15,BERLIN_CHANEL_08,E_COM,CUST_016298,EUR
100103,2025-08-03,MADRID_CHANEL_07,E_COM,CUST_007889,USD
100104,2025-08-19,DUBAI_CHANEL_06,BOUTIQUE,CUST_001657,GBP
100105,2025-08-16,SINGAPORE_CHANEL_10,E_COM,CUST_009364,AED
100106,2025-08-01,LONDRES_CHANEL_02,E_COM,CUST_004389,GBP
100107,2025-08-24,DUBAI_CHANEL_06,E_COM,CUST_011992,EUR
100108,2025-08-13,PARIS_CHANEL_01,BOUTIQUE,CUST_011880,AED
100109,2025-08-10,LONDRES_CHANEL_02,E_COM,CUST_016524,JPY
100110,2025-08-25,SEOUL_CHANEL_09,E_COM,CUST_003894,USD
100111,2025-08-04,MADRID_CHANEL_07,E_COM,CUST_011112,AED
100112,2025-08-31,DUBAI_CHANEL_06,BOUTIQUE,CUST_006523,AED
100113,2025-08-17,MADRID_CHANEL_07,BOUTIQUE,CUST_001485,EUR
100114,2025-08-05,DUBAI_CHANEL_06,E_COM,CUST_017018,JPY
100115,2025-08-05,SINGAPORE_CHANEL_10,BOUTIQUE,CUST_010747,AED
100116,2025-08-11,NEWYORK_CHANEL_03,E_COM,CUST_009806,AED
100117,2025-08-11,SEOUL_CHANEL_09,E_COM,CUST_018446,GBP
100118,2025-08-16,PARIS_CHANEL_01,E_COM,CUST_010855,KRW
100119,2025-08-04,MADRID_CHANEL_07,E_COM,CUST_000874,AED
100120,2025-08-16,MILAN_CHANEL_05,BOUTIQUE,CUST_001683,AED
100121,2025-08-16,NEWYORK_CHANEL_03,E_COM,CUST_004843,SGD
100122,2025-08-22,TOKYO_CHANEL_04,BOUTIQUE,CUST_018762,KRW
100123,2025-08-04,TOKYO_CHANEL_04,BOUTIQUE,CUST_014452,GBP
100124,2025-08-14,NEWYORK_CHANEL_03,E_COM,CUST_006682,JPY
100125,2025-08-17,SINGAPORE_CHANEL_10,E_COM,CUST_002041,KRW
100126,2025-08-05,SEOUL_CHANEL_09,BOUTIQUE,CUST_018380,GBP
100127,2025-08-22,BERLIN_CHANEL_08,E_COM,CUST_010282,USD
100128,2025-08-15,SEOUL_CHANEL_09,E_COM,CUST_017901,GBP
100129,2025-08-22,MILAN_CHANEL_05,E_COM,CUST_006301,USD
100130,2025-08-09,SEOUL_CHANEL_09,E_COM,CUST_007369,GBP
100131,2025-08-25,MILAN_CHANEL_05,BOUTIQUE,CUST_016024,GBP
100132,2025-08-16,DUBAI_CHANEL_06,E_COM,CUST_009431,EUR
100133,2025-08-19,SEOUL_CHANEL_09,E_COM,CUST_012929,SGD
100134,2025-08-12,NEWYORK_CHANEL_03,E_COM,CUST_001379,GBP
100135,2025-08-31,LONDRES_CHANEL_02,E_COM,CUST_014496,KRW
100136,2025-08-09,BERLIN_CHANEL_08,BOUTIQUE,CUST_006622,SGD
100137,2025-08-18,MILAN_CHANEL_05,E_COM,CUST_004499,EUR
100138,2025-08-20,SINGAPORE_CHANEL_10,BOUTIQUE,CUST_007945,EUR
100139,2025-08-22,SEOUL_CHANEL_09,BOUTIQUE,CUST_007630,EUR
100140,2025-08-04,MADRID_CHANEL_07,E_COM,CUST_015480,EUR
100141,2025-08-22,NEWYORK_CHANEL_03,BOUTIQUE,CUST_018034,USD
100142,2025-08-14,BERLIN_CHANEL_08,E_COM,CUST_006536,SGD
100143,2025-08-31,MILAN_CHANEL_05,E_COM,CUST_009353,KRW
100144,2025-08-02,LONDRES_CHANEL_02,BOUTIQUE,CUST_017536,KRW
100145,2025-08-24,PARIS_CHANEL_01,BOUTIQUE,CUST_013694,SGD
100146,2025-08-06,PARIS_CHANEL_01,E_COM,CUST_016233,USD
100147,2025-08-30,MILAN_CHANEL_05,BOUTIQUE,CUST_000304,GBP
100148,2025-08-19,SINGAPORE_CHANEL_10,BOUTIQUE,CUST_010979,GBP
100149,2025-08-15,SEOUL_CHANEL_09,E_COM,CUST_004398,SGD
100150,2025-08-17,BERLIN_CHANEL_08,E_COM,CUST_006319,SGD
100151,2025-08-04,DUBAI_CHANEL_06,BOUTIQUE,CUST_015038,KRW
100152,2025-08-09,NEWYORK_CHANEL_03,BOUTIQUE,CUST_011047,SGD
100153,2025-08-10,SINGAPORE_CHANEL_10,BOUTIQUE,CUST_005751,AED
100154,2025-08-28,MADRID_CHANEL_07,E_COM,CUST_016885,GBP
100155,2025-08-03,MADRID_CHANEL_07,BOUTIQUE,CUST_006055,USD
100156,2025-08-16,DUBAI_CHANEL_06,BOUTIQUE,CUST_000224,GBP
100157,2025-08-13,TOKYO_CHANEL_04,E_COM,CUST_008749,GBP
100158,2025-08-10,SINGAPORE_CHANEL_10,BOUTIQUE,CUST_008571,KRW
100159,2025-08-12,TOKYO_CHANEL_04,BOUTIQUE,CUST_003874,JPY
100160,2025-08-10,NEWYORK_CHANEL_03,E_COM,CUST_016467,KRW
100161,2025-08-25,MILAN_CHANEL_05,BOUTIQUE,CUST_009668,GBP
100162,2025-08-20,TOKYO_CHANEL_04,BOUTIQUE,CUST_004377,JPY
100163,2025-08-05,BERLIN_CHANEL_08,E_COM,CUST_013627,KRW
100164,2025-08-18,BERLIN_CHANEL_08,BOUTIQUE,CUST_008109,KRW
100165,2025-08-25,SINGAPORE_CHANEL_10,BOUTIQUE,CUST_017220,JPY
100166,2025-08-17,DUBAI_CHANEL_06,BOUTIQUE,CUST_018487,EUR
100167,2025-08-02,SEOUL_CHANEL_09,BOUTIQUE,CUST_018767,AED
100168,2025-08-05,NEWYORK_CHANEL_03,E_COM,CUST_017051,JPY
100169,2025-08-04,TOKYO_CHANEL_04,E_COM,CUST_002980,AED
100170,2025-08-15,PARIS_CHANEL_01,E_COM,CUST_004324,AED
100171,2025-08-14,BERLIN_CHANEL_08,BOUTIQUE,CUST_018311,JPY
100172,2025-08-22,MILAN_CHANEL_05,BOUTIQUE,CUST_012975,GBP
100173,2025-08-27,PARIS_CHANEL_01,BOUTIQUE,CUST_018951,EUR
100174,2025-08-02,MADRID_CHANEL_07,E_COM,CUST_002090,AED
100175,2025-08-02,LONDRES_CHANEL_02,E_COM,CUST_001040,GBP
100176,2025-08-14,NEWYORK_CHANEL_03,BOUTIQUE,CUST_013775,GBP
100177,2025-08-29,MADRID_CHANEL_07,E_COM,CUST_012370,JPY
100178,2025-08-03,SEOUL_CHANEL_09,BOUTIQUE,CUST_011396,EUR
100179,2025-08-06,SEOUL_CHANEL_09,E_COM,CUST_017330,USD
100180,2025-08-24,TOKYO_CHANEL_04,BOUTIQUE,CUST_000745,GBP
100181,2025-08-15,SEOUL_CHANEL_09,E_COM,CUST_017431,JPY
100182,2025-08-27,TOKYO_CHANEL_04,BOUTIQUE,CUST_015094,GBP
100183,2025-08-05,MILAN_CHANEL_05,BOUTIQUE,CUST_003698,EUR
100184,2025-08-26,MADRID_CHANEL_07,BOUTIQUE,CUST_007887,USD
100185,2025-08-03,LONDRES_CHANEL_02,BOUTIQUE,CUST_014629,AED
100186,2025-08-22,PARIS_CHANEL_01,BOUTIQUE,CUST_001450,JPY
100187,2025-08-15,TOKYO_CHANEL_04,BOUTIQUE,CUST_001850,USD
100188,2025-08-17,MILAN_CHANEL_05,BOUTIQUE,CUST_018878,GBP
100189,2025-08-19,SINGAPORE_CHANEL_10,E_COM,CUST_007763,GBP
100190,2025-08-29,NEWYORK_CHANEL_03,BOUTIQUE,CUST_013552,GBP
100191,2025-08-09,PARIS_CHANEL_01,BOUTIQUE,CUST_013999,AED
100192,2025-08-16,PARIS_CHANEL_01,E_COM,CUST_012490,SGD
100193,2025-08-17,DUBAI_CHANEL_06,E_COM,CUST_013378,USD
100194,2025-08-10,MADRID_CHANEL_07,BOUTIQUE,CUST_017627,JPY
100195,2025-08-08,TOKYO_CHANEL_04,E_COM,CUST_004731,SGD
100196,2025-08-15,PARIS_CHANEL_01,E_COM,CUST_013649,AED
100197,2025-08-17,NEWYORK_CHANEL_03,E_COM,CUST_007958,GBP
100198,2025-08-07,DUBAI_CHANEL_06,BOUTIQUE,CUST_014739,SGD
100199,2025-08-12,LONDRES_CHANEL_02,BOUTIQUE,CUST_001689,GBP
100200,2025-08-13,SINGAPORE_CHANEL_10,BOUTIQUE,CUST_002385,USD
100201,2025-08-26,SINGAPORE_CHANEL_10,BOUTIQUE,CUST_015709,USD
100202,2025-08-28,DUBAI_CHANEL_06,E_COM,CUST_000503,USD
100203,2025-08-30,TOKYO_CHANEL_04,BOUTIQUE,CUST_015694,USD
100204,2025-08-23,SINGAPORE_CHANEL_10,BOUTIQUE,CUST_012997,USD
100205,2025-08-18,DUBAI_CHANEL_06,E_COM,CUST_012474,JPY
100206,2025-08-18,DUBAI_CHANEL_06,E_COM,CUST_008571,GBP
100207,2025-08-17,BERLIN_CHANEL_08,E_COM,CUST_003232,SGD
100208,2025-08-24,BERLIN_CHANEL_08,E_COM,CUST_006657,GBP
100209,2025-08-11,MADRID_CHANEL_07,BOUTIQUE,CUST_018433,SGD
100210,2025-08-08,NEWYORK_CHANEL_03,BOUTIQUE,CUST_008546,AED
100211,2025-08-30,SINGAPORE_CHANEL_10,E_COM,CUST_009673,USD
100212,2025-08-07,DUBAI_CHANEL_06,BOUTIQUE,CUST_012447,AED
100213,2025-08-27,TOKYO_CHANEL_04,E_COM,CUST_018044,KRW
100214,2025-08-31,DUBAI_CHANEL_06,E_COM,CUST_016012,KRW
100215,2025-08-21,BERLIN_CHANEL_08,E_COM,CUST_005513,KRW
100216,2025-08-26,DUBAI_CHANEL_06,BOUTIQUE,CUST_004587,KRW
100217,2025-08-18,BERLIN_CHANEL_08,BOUTIQUE,CUST_017765,KRW
100218,2025-08-31,PARIS_CHANEL_01,BOUTIQUE,CUST_002436,SGD
100219,2025-08-22,PARIS_CHANEL_01,BOUTIQUE,CUST_013514,USD
100220,2025-08-27,TOKYO_CHANEL_04,BOUTIQUE,CUST_004949,EUR
100221,2025-08-07,SEOUL_CHANEL_09,E_COM,CUST_012230,EUR
100222,2025-08-20,SINGAPORE_CHANEL_10,E_COM,CUST_015987,EUR
100223,2025-08-01,SEOUL_CHANEL_09,E_COM,CUST_000389,EUR
100224,2025-08-17,MILAN_CHANEL_05,E_COM,CUST_000562,AED
100225,2025-08-27,MADRID_CHANEL_07,BOUTIQUE,CUST_003507,EUR
100226,2025-08-17,NEWYORK_CHANEL_03,BOUTIQUE,CUST_006290,AED
100227,2025-08-17,MILAN_CHANEL_05,E_COM,CUST_008760,SGD
100228,2025-08-13,LONDRES_CHANEL_02,E_COM,CUST_013305,JPY
100229,2025-08-19,TOKYO_CHANEL_04,BOUTIQUE,CUST_009830,KRW
100230,2025-08-27,LONDRES_CHANEL_02,BOUTIQUE,CUST_003064,JPY
100231,2025-08-13,MADRID_CHANEL_07,E_COM,CUST_001839,KRW
100232,2025-08-01,NEWYORK_CHANEL_03,BOUTIQUE,CUST_016380,SGD
100233,2025-08-14,DUBAI_CHANEL_06,BOUTIQUE,CUST_017307,EUR
100234,2025-08-08,TOKYO_CHANEL_04,E_COM,CUST_008884,EUR
100235,2025-08-30,LONDRES_CHANEL_02,E_COM,CUST_017795,AED
100236,2025-08-22,PARIS_CHANEL_01,BOUTIQUE,CUST_010306,EUR
100237,2025-08-31,TOKYO_CHANEL_04,BOUTIQUE,CUST_013052,EUR
100238,2025-08-10,NEWYORK_CHANEL_03,BOUTIQUE,CUST_018570,SGD
100239,2025-08-28,MADRID_CHANEL_07,E_COM,CUST_012578,SGD
100240,2025-08-24,NEWYORK_CHANEL_03,BOUTIQUE,CUST_016410,KRW
100241,2025-08-12,PARIS_CHANEL_01,BOUTIQUE,CUST_014323,USD
100242,2025-08-27,LONDRES_CHANEL_02,E_COM,CUST_019831,SGD
100243,2025-08-20,SINGAPORE_CHANEL_10,E_COM,CUST_010695,EUR
100244,2025-08-21,MILAN_CHANEL_05,E_COM,CUST_016077,USD
100245,2025-08-12,SEOUL_CHANEL_09,E_COM,CUST_014151,USD
100246,2025-08-22,SINGAPORE_CHANEL_10,E_COM,CUST_002809,SGD
100247,2025-08-20,MILAN_CHANEL_05,BOUTIQUE,CUST_002409,EUR
100248,2025-08-09,NEWYORK_CHANEL_03,E_COM,CUST_005056,KRW
100249,2025-08-13,DUBAI_CHANEL_06,E_COM,CUST_003492,EUR
100250,2025-08-01,MILAN_CHANEL_05,E_COM,CUST_011794,SGD
100251,2025-08-09,LONDRES_CHANEL_02,BOUTIQUE,CUST_002861,USD
100252,2025-08-14,BERLIN_CHANEL_08,E_COM,CUST_003385,EUR
100253,2025-08-03,DUBAI_CHANEL_06,BOUTIQUE,CUST_019561,AED
100254,2025-08-26,DUBAI_CHANEL_06,E_COM,CUST_000405,GBP
100255,2025-08-14,MADRID_CHANEL_07,BOUTIQUE,CUST_018335,USD
100256,2025-08-19,SEOUL_CHANEL_09,BOUTIQUE,CUST_012476,USD
100257,2025-08-05,MILAN_CHANEL_05,E_COM,CUST_008796,JPY
100258,2025-08-05,LONDRES_CHANEL_02,BOUTIQUE,CUST_014244,GBP
100259,2025-08-14,MILAN_CHANEL_05,E_COM,CUST_002521,GBP
100260,2025-08-09,TOKYO_CHANEL_04,E_COM,CUST_019458,AED
100261,2025-08-07,BERLIN_CHANEL_08,BOUTIQUE,CUST_004440,GBP
100262,2025-08-01,MADRID_CHANEL_07,E_COM,CUST_012449,SGD
100263,2025-08-28,DUBAI_CHANEL_06,E_COM,CUST_010969,JPY
100264,2025-08-27,SINGAPORE_CHANEL_10,BOUTIQUE,CUST_009845,GBP
100265,2025-08-20,TOKYO_CHANEL_04,E_COM,CUST_010296,USD
100266,2025-08-31,MADRID_CHANEL_07,E_COM,CUST_009551,KRW
100267,2025-08-23,BERLIN_CHANEL_08,BOUTIQUE,CUST_010679,JPY
100268,2025-08-09,MADRID_CHANEL_07,E_COM,CUST_003732,AED
100269,2025-08-07,SINGAPORE_CHANEL_10,BOUTIQUE,CUST_018026,EUR
100270,2025-08-31,BERLIN_CHANEL_08,BOUTIQUE,CUST_014368,SGD
100271,2025-08-10,LONDRES_CHANEL_02,E_COM,CUST_016362,USD
100272,2025-08-21,MILAN_CHANEL_05,BOUTIQUE,CUST_008280,KRW
100273,2025-08-05,MADRID_CHANEL_07,E_COM,CUST_002424,JPY
100274,2025-08-20,BERLIN_CHANEL_08,E_COM,CUST_017511,AED
100275,2025-08-30,MADRID_CHANEL_07,BOUTIQUE,CUST_011782,KRW
100276,2025-08-29,SEOUL_CHANEL_09,BOUTIQUE,CUST_003584,SGD
100277,2025-08-08,DUBAI_CHANEL_06,BOUTIQUE,CUST_001452,AED
100278,2025-08-21,MADRID_CHANEL_07,E_COM,CUST_014106,EUR
100279,2025-08-01,LONDRES_CHANEL_02,E_COM,CUST_007275,AED
100280,2025-08-24,SEOUL_CHANEL_09,BOUTIQUE,CUST_014608,GBP
100281,2025-08-13,BERLIN_CHANEL_08,BOUTIQUE,CUST_011304,EUR
100282,2025-08-16,LONDRES_CHANEL_02,E_COM,CUST_013631,EUR
100283,2025-08-04,NEWYORK_CHANEL_03,E_COM,CUST_010221,GBP
100284,2025-08-15,TOKYO_CHANEL_04,E_COM,CUST_011414,JPY
100285,2025-08-04,BERLIN_CHANEL_08,E_COM,CUST_010451,EUR
100286,2025-08-10,PARIS_CHANEL_01,BOUTIQUE,CUST_000741,SGD
100287,2025-08-11,LONDRES_CHANEL_02,BOUTIQUE,CUST_007993,AED
100288,2025-08-06,SEOUL_CHANEL_09,BOUTIQUE,CUST_010846,AED
100289,2025-08-14,BERLIN_CHANEL_08,BOUTIQUE,CUST_013273,KRW
100290,2025-08-06,NEWYORK_CHANEL_03,E_COM,CUST_012963,EUR
100291,2025-08-24,SINGAPORE_CHANEL_10,BOUTIQUE,CUST_014732,AED
100292,2025-08-14,MADRID_CHANEL_07,BOUTIQUE,CUST_007039,USD
100293,2025-08-09,LONDRES_CHANEL_02,BOUTIQUE,CUST_017593,USD
100294,2025-08-12,DUBAI_CHANEL_06,BOUTIQUE,CUST_014994,EUR
100295,2025-08-09,BERLIN_CHANEL_08,E_COM,CUST_019562,JPY
100296,2025-08-20,MADRID_CHANEL_07,BOUTIQUE,CUST_011401,GBP
100297,2025-08-28,BERLIN_CHANEL_08,BOUTIQUE,CUST_009747,AED
100298,2025-08-19,LONDRES_CHANEL_02,BOUTIQUE,CUST_010263,EUR
100299,2025-08-08,MILAN_CHANEL_05,BOUTIQUE,CUST_005999,GBP
100300,2025-08-23,NEWYORK_CHANEL_03,E_COM,CUST_013705,AED
100301,2025-08-05,SINGAPORE_CHANEL_10,E_COM,CUST_013863,USD
100302,2025-08-16,SEOUL_CHANEL_09,BOUTIQUE,CUST_018184,USD
100303,2025-08-16,MILAN_CHANEL_05,BOUTIQUE,CUST_006131,GBP
100304,2025-08-27,BERLIN_CHANEL_08,BOUTIQUE,CUST_011765,EUR
100305,2025-08-16,NEWYORK_CHANEL_03,BOUTIQUE,CUST_012582,AED
100306,2025-08-17,BERLIN_CHANEL_08,E_COM,CUST_016113,JPY
100307,2025-08-23,BERLIN_CHANEL_08,E_COM,CUST_005481,EUR
100308,2025-08-19,PARIS_CHANEL_01,BOUTIQUE,CUST_009572,EUR
100309,2025-08-09,TOKYO_CHANEL_04,E_COM,CUST_005512,SGD
100310,2025-08-15,SINGAPORE_CHANEL_10,E_COM,CUST_018014,AED
100311,2025-08-04,SINGAPORE_CHANEL_10,BOUTIQUE,CUST_008779,SGD
100312,2025-08-18,DUBAI_CHANEL_06,BOUTIQUE,CUST_014463,AED
100313,2025-08-07,MADRID_CHANEL_07,BOUTIQUE,CUST_008112,GBP
100314,2025-08-28,PARIS_CHANEL_01,E_COM,CUST_008612,GBP
100315,2025-08-28,LONDRES_CHANEL_02,E_COM,CUST_003847,SGD
100316,2025-08-26,TOKYO_CHANEL_04,BOUTIQUE,CUST_019266,KRW
100317,2025-08-12,SINGAPORE_CHANEL_10,E_COM,CUST_005439,AED
100318,2025-08-05,TOKYO_CHANEL_04,BOUTIQUE,CUST_001946,AED
100319,2025-08-12,SEOUL_CHANEL_09,E_COM,CUST_019558,AED
100320,2025-08-06,DUBAI_CHANEL_06,E_COM,CUST_009481,AED
100321,2025-08-09,SEOUL_CHANEL_09,BOUTIQUE,CUST_004443,SGD
100322,2025-08-26,MADRID_CHANEL_07,BOUTIQUE,CUST_009088,SGD
100323,2025-08-21,NEWYORK_CHANEL_03,BOUTIQUE,CUST_008182,USD
100324,2025-08-23,DUBAI_CHANEL_06,BOUTIQUE,CUST_012869,JPY
100325,2025-08-05,SINGAPORE_CHANEL_10,E_COM,CUST_013574,JPY
100326,2025-08-15,LONDRES_CHANEL_02,BOUTIQUE,CUST_013201,AED
100327,2025-08-24,MILAN_CHANEL_05,E_COM,CUST_014900,JPY
100328,2025-08-11,SINGAPORE_CHANEL_10,BOUTIQUE,CUST_003053,KRW
100329,2025-08-15,DUBAI_CHANEL_06,BOUTIQUE,CUST_017513,JPY
100330,2025-08-07,MADRID_CHANEL_07,BOUTIQUE,CUST_016211,GBP
100331,2025-08-11,MILAN_CHANEL_05,E_COM,CUST_017935,AED
100332,2025-08-05,SINGAPORE_CHANEL_10,E_COM,CUST_011264,KRW
100333,2025-08-25,PARIS_CHANEL_01,BOUTIQUE,CUST_003263,KRW
100334,2025-08-26,BERLIN_CHANEL_08,BOUTIQUE,CUST_004072,SGD
100335,2025-08-06,BERLIN_CHANEL_08,E_COM,CUST_000023,JPY
100336,2025-08-07,NEWYORK_CHANEL_03,E_COM,CUST_005210,SGD
100337,2025-08-30,MILAN_CHANEL_05,BOUTIQUE,CUST_011811,GBP
100338,2025-08-03,DUBAI_CHANEL_06,BOUTIQUE,CUST_001697,JPY
100339,2025-08-21,MILAN_CHANEL_05,BOUTIQUE,CUST_014066,KRW
100340,2025-08-03,LONDRES_CHANEL_02,BOUTIQUE,CUST_006994,JPY
100341,2025-08-03,NEWYORK_CHANEL_03,BOUTIQUE,CUST_017022,KRW
100342,2025-08-15,PARIS_CHANEL_01,BOUTIQUE,CUST_011259,SGD
100343,2025-08-04,MADRID_CHANEL_07,BOUTIQUE,CUST_015654,EUR
100344,2025-08-08,MADRID_CHANEL_07,BOUTIQUE,CUST_003357,EUR
100345,2025-08-11,DUBAI_CHANEL_06,E_COM,CUST_004494,JPY
100346,2025-08-25,NEWYORK_CHANEL_03,BOUTIQUE,CUST_002242,AED
100347,2025-08-19,PARIS_CHANEL_01,BOUTIQUE,CUST_014422,GBP
100348,2025-08-24,TOKYO_CHANEL_04,BOUTIQUE,CUST_013491,AED
100349,2025-08-22,BERLIN_CHANEL_08,BOUTIQUE,CUST_002841,EUR
100350,2025-08-05,LONDRES_CHANEL_02,E_COM,CUST_011520,JPY
100351,2025-08-11,NEWYORK_CHANEL_03,BOUTIQUE,CUST_009076,KRW
100352,2025-08-03,TOKYO_CHANEL_04,E_COM,CUST_000879,SGD
100353,2025-08-28,MILAN_CHANEL_05,BOUTIQUE,CUST_016966,AED
100354,2025-08-17,TOKYO_CHANEL_04,E_COM,CUST_009685,KRW
100355,2025-08-02,TOKYO_CHANEL_04,E_COM,CUST_012645,EUR
100356,2025-08-08,BERLIN_CHANEL_08,BOUTIQUE,CUST_017311,EUR
100357,2025-08-12,DUBAI_CHANEL_06,BOUTIQUE,CUST_012676,SGD
100358,2025-08-27,SINGAPORE_CHANEL_10,E_COM,CUST_011974,AED
100359,2025-08-22,NEWYORK_CHANEL_03,E_COM,CUST_002392,EUR
100360,2025-08-19,LONDRES_CHANEL_02,BOUTIQUE,CUST_008592,USD
100361,2025-08-02,PARIS_CHANEL_01,E_COM,CUST_016601,GBP
100362,2025-08-21,SEOUL_CHANEL_09,E_COM,CUST_013880,KRW
100363,2025-08-13,LONDRES_CHANEL_02,BOUTIQUE,CUST_009093,EUR
100364,2025-08-10,LONDRES_CHANEL_02,BOUTIQUE,CUST_005092,AED
100365,2025-08-11,MADRID_CHANEL_07,BOUTIQUE,CUST_010164,KRW
100366,2025-08-14,TOKYO_CHANEL_04,BOUTIQUE,CUST_008012,EUR
100367,2025-08-30,MADRID_CHANEL_07,BOUTIQUE,CUST_014857,AED
100368,2025-08-20,PARIS_CHANEL_01,E_COM,CUST_005756,EUR
100369,2025-08-01,NEWYORK_CHANEL_03,BOUTIQUE,CUST_005369,JPY
100370,2025-08-31,DUBAI_CHANEL_06,E_COM,CUST_005472,GBP
100371,2025-08-05,MILAN_CHANEL_05,BOUTIQUE,CUST_000962,GBP
100372,2025-08-26,MADRID_CHANEL_07,E_COM,CUST_017166,EUR
100373,2025-08-09,SINGAPORE_CHANEL_10,BOUTIQUE,CUST_016258,JPY
100374,2025-08-17,DUBAI_CHANEL_06,BOUTIQUE,CUST_016372,SGD
100375,2025-08-19,NEWYORK_CHANEL_03,E_COM,CUST_005155,GBP
100376,2025-08-25,LONDRES_CHANEL_02,BOUTIQUE,CUST_007485,KRW
100377,2025-08-17,PARIS_CHANEL_01,BOUTIQUE,CUST_000403,USD
100378,2025-08-02,BERLIN_CHANEL_08,E_COM,CUST_012550,USD
100379,2025-08-06,PARIS_CHANEL_01,E_COM,CUST_007357,GBP
100380,2025-08-08,MADRID_CHANEL_07,E_COM,CUST_008889,SGD
100381,2025-08-03,SINGAPORE_CHANEL_10,E_COM,CUST_003913,AED
100382,2025-08-22,PARIS_CHANEL_01,BOUTIQUE,CUST_007314,SGD
100383,2025-08-17,PARIS_CHANEL_01,E_COM,CUST_002259,JPY
100384,2025-08-28,MILAN_CHANEL_05,E_COM,CUST_010725,EUR
100385,2025-08-18,BERLIN_CHANEL_08,BOUTIQUE,CUST_012089,USD
100386,2025-08-10,SINGAPORE_CHANEL_10,E_COM,CUST_007949,JPY
100387,2025-08-12,SINGAPORE_CHANEL_10,E_COM,CUST_006404,KRW
100388,2025-08-29,SEOUL_CHANEL_09,BOUTIQUE,CUST_004934,EUR
100389,2025-08-30,MADRID_CHANEL_07,BOUTIQUE,CUST_007635,AED
100390,2025-08-12,PARIS_CHANEL_01,E_COM,CUST_000048,SGD
100391,2025-08-22,MADRID_CHANEL_07,E_COM,CUST_003407,USD
100392,2025-08-17,TOKYO_CHANEL_04,E_COM,CUST_016123,EUR
100393,2025-08-05,MILAN_CHANEL_05,BOUTIQUE,CUST_001439,USD
100394,2025-08-29,SEOUL_CHANEL_09,E_COM,CUST_012206,JPY
100395,2025-08-24,LONDRES_CHANEL_02,BOUTIQUE,CUST_016562,USD
100396,2025-08-21,MADRID_CHANEL_07,BOUTIQUE,CUST_019396,AED
100397,2025-08-02,MADRID_CHANEL_07,BOUTIQUE,CUST_007759,GBP
100398,2025-08-09,DUBAI_CHANEL_06,E_COM,CUST_010691,GBP
100399,2025-08-15,MILAN_CHANEL_05,BOUTIQUE,CUST_002448,USD
100400,2025-08-05,SINGAPORE_CHANEL_10,BOUTIQUE,CUST_005093,EUR
100401,2025-08-06,BERLIN_CHANEL_08,E_COM,CUST_010291,JPY
100402,2025-08-04,SEOUL_CHANEL_09,E_COM,CUST_006804,JPY
100403,2025-08-10,BERLIN_CHANEL_08,E_COM,CUST_003930,EUR
100404,2025-08-06,MILAN_CHANEL_05,BOUTIQUE,CUST_007046,SGD
100405,2025-08-28,DUBAI_CHANEL_06,BOUTIQUE,CUST_002989,KRW
100406,2025-08-08,DUBAI_CHANEL_06,E_COM,CUST_016826,EUR
100407,2025-08-22,MILAN_CHANEL_05,E_COM,CUST_005698,EUR
100408,2025-08-31,MADRID_CHANEL_07,E_COM,CUST_018218,KRW
100409,2025-08-18,TOKYO_CHANEL_04,BOUTIQUE,CUST_015141,EUR
100410,2025-08-26,NEWYORK_CHANEL_03,BOUTIQUE,CUST_000392,EUR
100411,2025-08-27,TOKYO_CHANEL_04,BOUTIQUE,CUST_006493,SGD
100412,2025-08-13,DUBAI_CHANEL_06,BOUTIQUE,CUST_019082,AED
100413,2025-08-09,LONDRES_CHANEL_02,BOUTIQUE,CUST_002113,USD
100414,2025-08-29,BERLIN_CHANEL_08,BOUTIQUE,CUST_003014,SGD
100415,2025-08-27,DUBAI_CHANEL_06,BOUTIQUE,CUST_001400,JPY
100416,2025-08-02,NEWYORK_CHANEL_03,E_COM,CUST_012944,JPY
100417,2025-08-01,MADRID_CHANEL_07,E_COM,CUST_005663,GBP
100418,2025-08-07,NEWYORK_CHANEL_03,E_COM,CUST_009171,JPY
100419,2025-08-29,NEWYORK_CHANEL_03,BOUTIQUE,CUST_008054,KRW
100420,2025-08-10,BERLIN_CHANEL_08,E_COM,CUST_018045,JPY
100421,2025-08-02,LONDRES_CHANEL_02,E_COM,CUST_012551,USD
100422,2025-08-14,TOKYO_CHANEL_04,BOUTIQUE,CUST_017815,SGD
100423,2025-08-01,MADRID_CHANEL_07,E_COM,CUST_015719,AED
100424,2025-08-26,BERLIN_CHANEL_08,E_COM,CUST_018536,AED
100425,2025-08-11,MADRID_CHANEL_07,E_COM,CUST_005893,EUR
100426,2025-08-11,SINGAPORE_CHANEL_10,BOUTIQUE,CUST_000961,SGD
100427,2025-08-25,MILAN_CHANEL_05,BOUTIQUE,CUST_015457,AED
100428,2025-08-12,SINGAPORE_CHANEL_10,BOUTIQUE,CUST_005231,EUR
100429,2025-08-08,TOKYO_CHANEL_04,E_COM,CUST_017488,SGD
100430,2025-08-26,PARIS_CHANEL_01,BOUTIQUE,CUST_018865,SGD
100431,2025-08-26,MADRID_CHANEL_07,E_COM,CUST_005693,USD
100432,2025-08-08,SINGAPORE_CHANEL_10,E_COM,CUST_011757,AED
100433,2025-08-01,DUBAI_CHANEL_06,BOUTIQUE,CUST_018452,USD
100434,2025-08-27,BERLIN_CHANEL_08,E_COM,CUST_005753,JPY
100435,2025-08-02,LONDRES_CHANEL_02,BOUTIQUE,CUST_007623,AED
100436,2025-08-08,PARIS_CHANEL_01,E_COM,CUST_000023,GBP
100437,2025-08-30,SINGAPORE_CHANEL_10,BOUTIQUE,CUST_004276,GBP
100438,2025-08-23,NEWYORK_CHANEL_03,E_COM,CUST_001952,EUR
100439,2025-08-05,SINGAPORE_CHANEL_10,BOUTIQUE,CUST_003635,SGD
100440,2025-08-17,DUBAI_CHANEL_06,BOUTIQUE,CUST_012242,KRW
100441,2025-08-31,MADRID_CHANEL_07,BOUTIQUE,CUST_011029,GBP
100442,2025-08-11,NEWYORK_CHANEL_03,BOUTIQUE,CUST_014316,SGD
100443,2025-08-21,BERLIN_CHANEL_08,E_COM,CUST_005709,KRW
100444,2025-08-31,SEOUL_CHANEL_09,E_COM,CUST_007316,KRW
100445,2025-08-19,NEWYORK_CHANEL_03,E_COM,CUST_010054,KRW
100446,2025-08-23,MILAN_CHANEL_05,BOUTIQUE,CUST_005824,KRW
100447,2025-08-01,SINGAPORE_CHANEL_10,E_COM,CUST_018596,EUR
100448,2025-08-06,SINGAPORE_CHANEL_10,E_COM,CUST_007239,KRW
100449,2025-08-19,LONDRES_CHANEL_02,E_COM,CUST_004609,GBP
100450,2025-08-24,LONDRES_CHANEL_02,BOUTIQUE,CUST_011365,GBP
100451,2025-08-06,LONDRES_CHANEL_02,E_COM,CUST_014636,EUR
100452,2025-08-09,TOKYO_CHANEL_04,BOUTIQUE,CUST_002222,GBP
100453,2025-08-09,LONDRES_CHANEL_02,BOUTIQUE,CUST_001578,JPY
100454,2025-08-15,MADRID_CHANEL_07,BOUTIQUE,CUST_013567,JPY
100455,2025-08-29,MADRID_CHANEL_07,E_COM,CUST_017893,JPY
100456,2025-08-04,BERLIN_CHANEL_08,BOUTIQUE,CUST_005330,JPY
100457,2025-08-03,PARIS_CHANEL_01,E_COM,CUST_000658,GBP
100458,2025-08-09,LONDRES_CHANEL_02,BOUTIQUE,CUST_011201,USD
100459,2025-08-29,MADRID_CHANEL_07,BOUTIQUE,CUST_002458,AED
100460,2025-08-31,LONDRES_CHANEL_02,E_COM,CUST_019466,AED
100461,2025-08-29,BERLIN_CHANEL_08,BOUTIQUE,CUST_014134,KRW
100462,2025-08-06,SINGAPORE_CHANEL_10,E_COM,CUST_005148,EUR
100463,2025-08-04,DUBAI_CHANEL_06,BOUTIQUE,CUST_006226,JPY
100464,2025-08-23,SEOUL_CHANEL_09,E_COM,CUST_009225,GBP
100465,2025-08-08,LONDRES_CHANEL_02,BOUTIQUE,CUST_012875,AED
100466,2025-08-18,BERLIN_CHANEL_08,BOUTIQUE,CUST_001787,GBP
100467,2025-08-01,MADRID_CHANEL_07,BOUTIQUE,CUST_009652,SGD
100468,2025-08-22,SINGAPORE_CHANEL_10,E_COM,CUST_006543,EUR
100469,2025-08-01,TOKYO_CHANEL_04,BOUTIQUE,CUST_009563,EUR
100470,2025-08-16,LONDRES_CHANEL_02,E_COM,CUST_013025,JPY
100471,2025-08-16,MILAN_CHANEL_05,BOUTIQUE,CUST_017830,JPY
100472,2025-08-06,DUBAI_CHANEL_06,E_COM,CUST_012105,USD
100473,2025-08-15,PARIS_CHANEL_01,E_COM,CUST_014410,JPY
100474,2025-08-09,TOKYO_CHANEL_04,E_COM,CUST_018490,EUR
100475,2025-08-05,LONDRES_CHANEL_02,BOUTIQUE,CUST_011266,SGD
100476,2025-08-18,MADRID_CHANEL_07,BOUTIQUE,CUST_018141,EUR
100477,2025-08-27,MADRID_CHANEL_07,E_COM,CUST_017548,KRW
100478,2025-08-28,BERLIN_CHANEL_08,BOUTIQUE,CUST_015607,GBP
100479,2025-08-03,MADRID_CHANEL_07,BOUTIQUE,CUST_016453,AED
100480,2025-08-29,SEOUL_CHANEL_09,BOUTIQUE,CUST_003942,SGD
100481,2025-08-15,NEWYORK_CHANEL_03,BOUTIQUE,CUST_006944,SGD
100482,2025-08-07,NEWYORK_CHANEL_03,BOUTIQUE,CUST_013874,EUR
100483,2025-08-22,MADRID_CHANEL_07,BOUTIQUE,CUST_004846,SGD
100484,2025-08-20,MILAN_CHANEL_05,E_COM,CUST_002196,EUR
100485,2025-08-13,SEOUL_CHANEL_09,E_COM,CUST_018090,GBP
100486,2025-08-28,MILAN_CHANEL_05,E_COM,CUST_000406,SGD
100487,2025-08-23,SINGAPORE_CHANEL_10,E_COM,CUST_003688,JPY
100488,2025-08-05,NEWYORK_CHANEL_03,BOUTIQUE,CUST_003462,AED
100489,2025-08-25,LONDRES_CHANEL_02,E_COM,CUST_017552,GBP
100490,2025-08-29,MADRID_CHANEL_07,E_COM,CUST_012552,KRW
100491,2025-08-16,SINGAPORE_CHANEL_10,E_COM,CUST_001228,USD
100492,2025-08-09,MADRID_CHANEL_07,BOUTIQUE,CUST_019945,KRW
100493,2025-08-23,MADRID_CHANEL_07,BOUTIQUE,CUST_012970,GBP
100494,2025-08-23,TOKYO_CHANEL_04,BOUTIQUE,CUST_015572,GBP
100495,2025-08-29,DUBAI_CHANEL_06,BOUTIQUE,CUST_011072,SGD
100496,2025-08-26,MILAN_CHANEL_05,E_COM,CUST_009187,SGD
100497,2025-08-16,LONDRES_CHANEL_02,BOUTIQUE,CUST_004404,GBP
100498,2025-08-24,BERLIN_CHANEL_08,E_COM,CUST_008829,KRW
100499,2025-08-14,SINGAPORE_CHANEL_10,BOUTIQUE,CUST_006159,JPY
100500,2025-08-07,MADRID_CHANEL_07,E_COM,CUST_016925,SGD
100501,2025-08-12,PARIS_CHANEL_01,BOUTIQUE,CUST_002151,GBP
100502,2025-08-23,SEOUL_CHANEL_09,E_COM,CUST_004445,SGD
100503,2025-08-28,SEOUL_CHANEL_09,BOUTIQUE,CUST_005694,USD
100504,2025-08-29,TOKYO_CHANEL_04,BOUTIQUE,CUST_008176,EUR
100505,2025-08-15,PARIS_CHANEL_01,E_COM,CUST_006525,GBP
100506,2025-08-12,BERLIN_CHANEL_08,E_COM,CUST_004060,KRW
100507,2025-08-01,TOKYO_CHANEL_04,E_COM,CUST_016017,AED
100508,2025-08-15,NEWYORK_CHANEL_03,E_COM,CUST_019231,AED
100509,2025-08-12,DUBAI_CHANEL_06,BOUTIQUE,CUST_008476,KRW
100510,2025-08-27,LONDRES_CHANEL_02,E_COM,CUST_000900,JPY
100511,2025-08-02,NEWYORK_CHANEL_03,BOUTIQUE,CUST_007254,KRW
100512,2025-08-08,TOKYO_CHANEL_04,E_COM,CUST_013419,AED
100513,2025-08-01,PARIS_CHANEL_01,E_COM,CUST_004336,KRW
100514,2025-08-06,SINGAPORE_CHANEL_10,BOUTIQUE,CUST_007333,GBP
100515,2025-08-20,MILAN_CHANEL_05,E_COM,CUST_013888,JPY
100516,2025-08-28,DUBAI_CHANEL_06,E_COM,CUST_008258,USD
100517,2025-08-15,MILAN_CHANEL_05,E_COM,CUST_019153,EUR
100518,2025-08-01,SEOUL_CHANEL_09,E_COM,CUST_018398,KRW
100519,2025-08-20,SINGAPORE_CHANEL_10,E_COM,CUST_009781,KRW
100520,2025-08-04,BERLIN_CHANEL_08,BOUTIQUE,CUST_011020,GBP
100521,2025-08-21,DUBAI_CHANEL_06,E_COM,CUST_008558,KRW
100522,2025-08-23,MILAN_CHANEL_05,BOUTIQUE,CUST_004913,AED
100523,2025-08-25,TOKYO_CHANEL_04,BOUTIQUE,CUST_019662,JPY
100524,2025-08-22,DUBAI_CHANEL_06,BOUTIQUE,CUST_000835,KRW
100525,2025-08-16,MILAN_CHANEL_05,E_COM,CUST_013716,JPY
100526,2025-08-13,PARIS_CHANEL_01,BOUTIQUE,CUST_011245,KRW
100527,2025-08-23,TOKYO_CHANEL_04,E_COM,CUST_011748,AED
100528,2025-08-10,NEWYORK_CHANEL_03,BOUTIQUE,CUST_009627,EUR
100529,2025-08-16,NEWYORK_CHANEL_03,E_COM,CUST_018319,SGD
100530,2025-08-30,NEWYORK_CHANEL_03,E_COM,CUST_002927,USD
100531,2025-08-12,TOKYO_CHANEL_04,E_COM,CUST_013779,SGD
100532,2025-08-29,DUBAI_CHANEL_06,E_COM,CUST_008539,AED
100533,2025-08-10,BERLIN_CHANEL_08,BOUTIQUE,CUST_015419,EUR
100534,2025-08-28,SINGAPORE_CHANEL_10,BOUTIQUE,CUST_015474,USD
100535,2025-08-17,LONDRES_CHANEL_02,E_COM,CUST_017362,GBP
100536,2025-08-14,PARIS_CHANEL_01,BOUTIQUE,CUST_004502,USD
100537,2025-08-11,MADRID_CHANEL_07,E_COM,CUST_004694,GBP
100538,2025-08-28,NEWYORK_CHANEL_03,BOUTIQUE,CUST_015978,GBP
100539,2025-08-21,NEWYORK_CHANEL_03,E_COM,CUST_001901,EUR
100540,2025-08-15,MILAN_CHANEL_05,BOUTIQUE,CUST_005525,AED
100541,2025-08-25,NEWYORK_CHANEL_03,E_COM,CUST_002885,USD
100542,2025-08-20,MADRID_CHANEL_07,E_COM,CUST_013219,JPY
100543,2025-08-31,BERLIN_CHANEL_08,E_COM,CUST_000153,EUR
100544,2025-08-18,TOKYO_CHANEL_04,E_COM,CUST_000462,GBP
100545,2025-08-25,SEOUL_CHANEL_09,BOUTIQUE,CUST_000588,KRW
100546,2025-08-01,TOKYO_CHANEL_04,BOUTIQUE,CUST_011284,GBP
100547,2025-08-05,LONDRES_CHANEL_02,E_COM,CUST_016494,AED
100548,2025-08-10,NEWYORK_CHANEL_03,BOUTIQUE,CUST_001499,GBP
100549,2025-08-31,MILAN_CHANEL_05,E_COM,CUST_017049,AED
100550,2025-08-17,DUBAI_CHANEL_06,E_COM,CUST_004385,GBP
100551,2025-08-29,BERLIN_CHANEL_08,E_COM,CUST_006175,USD
100552,2025-08-31,MADRID_CHANEL_07,BOUTIQUE,CUST_007485,USD
100553,2025-08-24,NEWYORK_CHANEL_03,BOUTIQUE,CUST_000719,AED
100554,2025-08-17,NEWYORK_CHANEL_03,BOUTIQUE,CUST_012013,KRW
100555,2025-08-21,PARIS_CHANEL_01,E_COM,CUST_008382,SGD
100556,2025-08-18,SINGAPORE_CHANEL_10,BOUTIQUE,CUST_019462,EUR
100557,2025-08-22,LONDRES_CHANEL_02,BOUTIQUE,CUST_001581,KRW
100558,2025-08-04,MADRID_CHANEL_07,E_COM,CUST_012461,EUR
100559,2025-08-18,MILAN_CHANEL_05,E_COM,CUST_005018,USD
100560,2025-08-23,PARIS_CHANEL_01,E_COM,CUST_013792,KRW
100561,2025-08-04,SEOUL_CHANEL_09,E_COM,CUST_019846,KRW
100562,2025-08-05,MADRID_CHANEL_07,BOUTIQUE,CUST_016764,KRW
100563,2025-08-20,LONDRES_CHANEL_02,E_COM,CUST_003736,SGD
100564,2025-08-04,BERLIN_CHANEL_08,BOUTIQUE,CUST_019956,USD
100565,2025-08-25,MILAN_CHANEL_05,BOUTIQUE,CUST_011729,KRW
100566,2025-08-14,MILAN_CHANEL_05,BOUTIQUE,CUST_001292,AED
100567,2025-08-16,TOKYO_CHANEL_04,E_COM,CUST_010834,USD
100568,2025-08-01,PARIS_CHANEL_01,BOUTIQUE,CUST_003619,SGD
100569,2025-08-19,BERLIN_CHANEL_08,BOUTIQUE,CUST_002952,SGD
100570,2025-08-17,LONDRES_CHANEL_02,BOUTIQUE,CUST_008386,KRW
100571,2025-08-08,BERLIN_CHANEL_08,E_COM,CUST_008655,JPY
100572,2025-08-02,LONDRES_CHANEL_02,BOUTIQUE,CUST_001293,SGD
100573,2025-08-10,DUBAI_CHANEL_06,E_COM,CUST_013960,KRW
100574,2025-08-04,LONDRES_CHANEL_02,BOUTIQUE,CUST_000317,SGD
100575,2025-08-05,NEWYORK_CHANEL_03,E_COM,CUST_011716,JPY
100576,2025-08-31,SINGAPORE_CHANEL_10,E_COM,CUST_003046,GBP
100577,2025-08-27,DUBAI_CHANEL_06,BOUTIQUE,CUST_003731,JPY
100578,2025-08-13,BERLIN_CHANEL_08,E_COM,CUST_012640,KRW
100579,2025-08-28,BERLIN_CHANEL_08,E_COM,CUST_005466,EUR
100580,2025-08-05,PARIS_CHANEL_01,BOUTIQUE,CUST_003399,JPY
100581,2025-08-30,SINGAPORE_CHANEL_10,E_COM,CUST_018644,KRW
100582,2025-08-15,NEWYORK_CHANEL_03,E_COM,CUST_011751,AED
100583,2025-08-01,NEWYORK_CHANEL_03,E_COM,CUST_015995,EUR
100584,2025-08-29,MADRID_CHANEL_07,E_COM,CUST_001507,EUR
100585,2025-08-09,DUBAI_CHANEL_06,BOUTIQUE,CUST_017198,SGD
100586,2025-08-24,SINGAPORE_CHANEL_10,BOUTIQUE,CUST_011086,AED
100587,2025-08-17,SINGAPORE_CHANEL_10,BOUTIQUE,CUST_014184,KRW
100588,2025-08-24,TOKYO_CHANEL_04,E_COM,CUST_011330,KRW
100589,2025-08-22,MADRID_CHANEL_07,BOUTIQUE,CUST_018296,AED
100590,2025-08-02,PARIS_CHANEL_01,BOUTIQUE,CUST_016567,SGD
100591,2025-08-16,BERLIN_CHANEL_08,BOUTIQUE,CUST_002454,SGD
100592,2025-08-16,DUBAI_CHANEL_06,BOUTIQUE,CUST_010843,GBP
100593,2025-08-02,SEOUL_CHANEL_09,BOUTIQUE,CUST_018039,KRW
100594,2025-08-13,MADRID_CHANEL_07,BOUTIQUE,CUST_002584,JPY
100595,2025-08-15,SINGAPORE_CHANEL_10,E_COM,CUST_002885,SGD
100596,2025-08-16,BERLIN_CHANEL_08,E_COM,CUST_003890,JPY
100597,2025-08-24,PARIS_CHANEL_01,BOUTIQUE,CUST_013220,JPY
100598,2025-08-02,SEOUL_CHANEL_09,BOUTIQUE,CUST_002979,SGD
100599,2025-08-20,SINGAPORE_CHANEL_10,E_COM,CUST_016658,AED
